Name,Powerstate,CPU,RAM,NICs,Disks,SpaceGB,OS
abbsmdev,poweredOn,2,4,1,1,24,Linux 4.1.12-103.9.4.el7uek.x86_64 Oracle Linux Server release 7.4
abbsmdev1,poweredOn,2,4,1,1,24,Linux 4.1.12-103.9.4.el7uek.x86_64 Oracle Linux Server release 7.4
abbsmqa,poweredOn,2,4,1,1,24,Linux 4.1.12-103.9.4.el7uek.x86_64 Oracle Linux Server release 7.4
abbsmqa1,poweredOn,2,4,1,1,24,Linux 4.1.12-103.9.4.el7uek.x86_64 Oracle Linux Server release 7.4
abbssdev,poweredOn,4,16,1,2,106,Oracle Linux 4/5/6/7 (64-bit)
abbssdev1,poweredOn,4,16,1,2,106,Oracle Linux 4/5/6/7 (64-bit)
abbssqa,poweredOn,4,16,1,2,106,Oracle Linux 4/5/6/7 (64-bit)
abbssqa1,poweredOn,4,16,1,2,106,Oracle Linux 4/5/6/7 (64-bit)
AdditionalBackEnd,poweredOff,4,16,1,2,628,SUSE Linux Enterprise 11 (64-bit)
AMIW2008-Template,poweredOff,2,8,1,2,158,Microsoft Windows Server 2008 R2 (64-bit)
AMI-Win2012-CE-Template,poweredOff,2,8,1,2,158,Microsoft Windows Server 2012 (64-bit)
Angelo-Template2,poweredOff,2,4,1,1,54,
anspoc,poweredOn,2,8,2,2,53,
apl-ciscoacs-ddc,poweredOn,1,4,1,1,504,CentOS 4/5/6 (32-bit)
apl-ciscowcs-ddc,poweredOff,8,16,1,3,808,Red Hat Enterprise Linux 5 (64-bit)
aqaa-pvwa01,poweredOff,1,4,1,1,54,
Avamar-BRM,poweredOff,4,16,1,2,126,SUSE Linux Enterprise 11 (64-bit)
big-iq-ddc,poweredOn,4,16,3,1,95,
cnmapp,poweredOn,1,8,1,1,86,Ubuntu Linux (64-bit)
Collector,poweredOff,4,24,1,2,336,SUSE Linux Enterprise 11 (64-bit)
Collector_1_dca-tst1348,poweredOff,6,24,1,2,624,Microsoft Windows Server 2012 (64-bit)
cytest,poweredOff,4,4,1,1,104,Microsoft Windows Server 2012 (64-bit)
Data Protection Central,poweredOn,4,8,1,2,555,SUSE Linux Enterprise 12 (64-bit)
datadobi-core,poweredOff,4,8,1,1,524,
datadobi-proxy1,poweredOff,4,8,1,2,74,
datadobi-proxy2,poweredOff,4,8,1,2,74,
datadobi-proxy3,poweredOff,4,8,1,2,74,
dca-acc1001,poweredOn,2,8,2,2,98,Microsoft Windows Server 2008 R2 (64-bit)
dca-acc1013,poweredOn,2,4,2,2,94,Microsoft Windows Server 2008 R2 (64-bit)
dca-acc1014,poweredOn,2,4,2,2,94,Microsoft Windows Server 2008 R2 (64-bit)
dca-acc1041,poweredOn,1,4,2,2,94,Microsoft Windows Server 2008 R2 (64-bit)
dca-acc1083,poweredOn,4,8,2,5,318,Microsoft Windows Server 2008 R2 (64-bit)
dca-acc1084,poweredOn,4,8,2,2,108,Microsoft Windows Server 2008 R2 (64-bit)
dca-acc1100,poweredOn,4,16,2,2,166,Microsoft Windows Server 2008 R2 (64-bit)
dca-acc1128,poweredOn,2,4,2,2,64,Microsoft Windows Server 2012 (64-bit)
dca-acc1129,poweredOn,2,4,2,2,64,Microsoft Windows Server 2012 (64-bit)
dca-acc1144,poweredOn,1,4,1,2,104,Microsoft Windows Server 2008 R2 (64-bit)
dca-acc1145,poweredOn,4,8,2,4,298,Microsoft Windows Server 2012 (64-bit)
dca-acc1147,poweredOn,4,16,2,6,306,Microsoft Windows Server 2012 (64-bit)
dca-acc1237,poweredOn,2,8,1,2,221,Microsoft Windows Server 2012 (64-bit)
dca-acc1242,poweredOn,2,8,1,2,108,Microsoft Windows Server 2012 (64-bit)
dca-acc1244,poweredOn,2,8,1,2,108,Microsoft Windows Server 2012 (64-bit)
dca-acc1247,poweredOn,2,8,1,1,58,Microsoft Windows Server 2012 (64-bit)
dca-acc1250,poweredOn,2,8,1,2,108,Microsoft Windows Server 2012 (64-bit)
dca-acc1253,poweredOn,2,8,1,2,108,Microsoft Windows Server 2012 (64-bit)
dca-acc1256,poweredOn,2,8,1,6,678,Microsoft Windows Server 2012 (64-bit)
dca-acc1257,poweredOn,4,8,1,2,188,Microsoft Windows Server 2012 (64-bit)
dca-acc1279,poweredOn,64,48,1,2,298,Microsoft Windows Server 2012 (64-bit)
dca-acc1293,poweredOn,16,32,1,2,182,Microsoft Windows Server 2012 (64-bit)
dca-acc1294,poweredOn,16,32,1,2,182,Microsoft Windows Server 2012 (64-bit)
dca-acc1308,poweredOn,2,16,1,2,116,Microsoft Windows Server 2012 (64-bit)
dca-acc1310,poweredOn,2,24,2,2,274,Microsoft Windows Server 2008 R2 (64-bit)
dca-acc1311,poweredOn,2,24,2,2,274,Microsoft Windows Server 2008 R2 (64-bit)
dca-acc1312,poweredOn,2,16,2,2,266,Microsoft Windows Server 2008 R2 (64-bit)
dca-acc1313,poweredOn,2,16,2,2,266,Microsoft Windows Server 2008 R2 (64-bit)
dca-acc1314,poweredOn,2,16,2,2,266,Microsoft Windows Server 2008 R2 (64-bit)
dca-acc1315,poweredOn,2,16,2,2,266,Microsoft Windows Server 2008 R2 (64-bit)
dca-acc1360,poweredOn,2,4,1,2,154,Microsoft Windows Server 2012 (64-bit)
dca-acc1361,poweredOn,1,4,1,6,144,Microsoft Windows Server 2012 (64-bit)
dca-acc1362,poweredOn,1,4,1,2,74,Microsoft Windows Server 2012 (64-bit)
dca-acc1390,poweredOn,4,32,1,2,182,Microsoft Windows Server 2008 R2 (64-bit)
dca-acc1391,poweredOn,4,32,2,2,182,Microsoft Windows Server 2008 R2 (64-bit)
dca-acc1418,poweredOn,2,8,1,2,73,Microsoft Windows Server 2012 (64-bit)
dca-acc1427,poweredOn,2,4,1,2,64,Microsoft Windows Server 2012 (64-bit)
dca-acc1429,poweredOn,4,16,1,2,186,Microsoft Windows Server 2012 (64-bit)
dca-acc1444,poweredOn,1,8,1,2,163,Microsoft Windows Server 2012 (64-bit)
dca-acc1455,poweredOn,1,4,2,1,54,Microsoft Windows Server 2008 R2 (64-bit)
dca-acc1456,poweredOn,2,8,1,2,78,Microsoft Windows Server 2012 (64-bit)
dca-acc1498,poweredOn,2,6,1,2,156,Microsoft Windows Server 2012 (64-bit)
dca-acc365,poweredOn,2,32,1,2,182,Microsoft Windows Server 2008 R2 (64-bit)
dca-acc367,poweredOn,2,32,2,2,182,Microsoft Windows Server 2008 R2 (64-bit)
dca-acc368,poweredOn,1,1,2,2,91,Microsoft Windows Server 2008 R2 (64-bit)
dca-acc402,poweredOn,2,8,1,2,158,Microsoft Windows Server 2012 (64-bit)
dca-acc404,poweredOn,2,8,1,2,158,Microsoft Windows Server 2012 (64-bit)
dca-acc605,poweredOn,2,8,2,2,558,Microsoft Windows Server 2008 R2 (64-bit)
dca-acc611,poweredOn,1,4,2,2,104,Microsoft Windows Server 2008 R2 (64-bit)
dca-acc615,poweredOn,1,4,2,2,94,Microsoft Windows Server 2008 R2 (64-bit)
dca-acc645,poweredOn,1,4,2,2,554,Microsoft Windows Server 2008 R2 (64-bit)
dca-acc651,poweredOn,2,4,2,3,254,Microsoft Windows Server 2008 R2 (64-bit)
dca-acc652,poweredOn,4,8,2,2,158,Microsoft Windows Server 2008 R2 (64-bit)
dca-acc653,poweredOn,4,8,2,2,158,Microsoft Windows Server 2008 R2 (64-bit)
dca-acc654,poweredOn,2,4,2,2,174,Microsoft Windows Server 2008 R2 (64-bit)
dca-acc655,poweredOn,2,4,2,2,174,Microsoft Windows Server 2008 R2 (64-bit)
dca-acc661,poweredOn,4,8,2,2,158,Microsoft Windows Server 2008 R2 (64-bit)
dca-acc662,poweredOn,4,8,2,2,158,Microsoft Windows Server 2008 R2 (64-bit)
dca-acc723,poweredOn,2,2,2,2,123,Microsoft Windows Server 2003 (32-bit)
dca-acc725,poweredOn,2,2,2,8,"1,678",Microsoft Windows Server 2003 (32-bit)
dca-acc748,poweredOn,2,8,2,2,93,Microsoft Windows Server 2008 R2 (64-bit)
dca-acc749,poweredOn,2,8,2,2,88,Microsoft Windows Server 2008 R2 (64-bit)
dca-acc750,poweredOn,1,8,2,2,138,Microsoft Windows Server 2008 R2 (64-bit)
dca-acc752,poweredOn,1,4,2,2,64,Microsoft Windows Server 2008 R2 (64-bit)
dca-acc762,poweredOn,1,8,2,2,108,Microsoft Windows Server 2008 R2 (64-bit)
dca-acc763,poweredOn,2,8,2,2,558,Microsoft Windows Server 2008 R2 (64-bit)
dca-acc765,poweredOn,4,16,2,2,566,Microsoft Windows Server 2008 R2 (64-bit)
dca-acc859,poweredOn,1,8,2,2,108,Microsoft Windows Server 2008 R2 (64-bit)
dca-acc861,poweredOn,1,4,2,2,104,Microsoft Windows Server 2008 R2 (64-bit)
dca-acc862,poweredOn,1,4,2,2,109,Microsoft Windows Server 2008 R2 (64-bit)
dca-acc866,poweredOn,2,8,2,2,158,Microsoft Windows Server 2008 R2 (64-bit)
dca-acc874,poweredOn,2,12,2,2,312,Microsoft Windows Server 2008 R2 (64-bit)
dca-acc875,poweredOn,1,4,2,2,94,Microsoft Windows Server 2008 R2 (64-bit)
dca-acc876,poweredOn,2,8,2,2,98,Microsoft Windows Server 2008 R2 (64-bit)
dca-acc878,poweredOn,2,8,2,2,98,Microsoft Windows Server 2008 R2 (64-bit)
dca-acc879,poweredOn,2,4,2,2,94,Microsoft Windows Server 2008 R2 (64-bit)
dca-acc880,poweredOn,2,4,2,2,94,Microsoft Windows Server 2008 R2 (64-bit)
dca-acc882,poweredOn,2,4,2,2,94,Microsoft Windows Server 2008 R2 (64-bit)
dca-acc896,poweredOn,2,4,2,2,94,Microsoft Windows Server 2008 R2 (64-bit)
dca-acc905,poweredOn,1,4,2,2,154,Microsoft Windows Server 2008 R2 (64-bit)
dca-acc980,poweredOn,6,8,2,2,133,Microsoft Windows Server 2008 R2 (64-bit)
dca-acc992,poweredOn,2,8,2,2,78,Microsoft Windows Server 2008 R2 (64-bit)
dca-acc994,poweredOn,4,16,2,2,166,Microsoft Windows Server 2008 R2 (64-bit)
dca-acc995,poweredOn,2,8,2,2,108,Microsoft Windows Server 2008 R2 (64-bit)
dca-con01,poweredOn,1,4,1,2,75,Microsoft Windows XP Professional (32-bit)
dca-con02,poweredOn,2,12,2,3,612,Microsoft Windows Server 2008 R2 (64-bit)
dca-con04,poweredOn,1,4,1,2,75,Microsoft Windows XP Professional (32-bit)
dca-con05,poweredOn,4,16,1,1,116,Microsoft Windows Server 2012 (64-bit)
dca-dev091,poweredOn,2,3,2,2,174,Microsoft Windows Server 2003 (32-bit)
dca-dev1001,poweredOn,2,8,2,2,78,Microsoft Windows Server 2008 R2 (64-bit)
dca-dev1003,poweredOn,2,8,2,2,108,Microsoft Windows Server 2008 R2 (64-bit)
dca-dev1004,poweredOn,2,6,2,6,526,Microsoft Windows Server 2008 R2 (64-bit)
dca-dev1016,poweredOn,2,6,2,2,76,Microsoft Windows Server 2008 R2 (64-bit)
dca-dev1023,poweredOn,2,4,2,2,331,Microsoft Windows Server 2008 R2 (64-bit)
dca-dev1024,poweredOn,2,4,2,2,154,Microsoft Windows Server 2008 R2 (64-bit)
dca-dev1025,poweredOn,2,4,2,2,104,Microsoft Windows Server 2008 R2 (64-bit)
dca-dev1041,poweredOn,1,4,2,2,94,Microsoft Windows Server 2008 R2 (64-bit)
dca-dev1047,poweredOn,2,10,2,7,745,Microsoft Windows Server 2008 R2 (64-bit)
dca-dev1079,poweredOn,4,8,2,5,358,Microsoft Windows Server 2008 R2 (64-bit)
dca-dev1080,poweredOn,4,8,2,5,358,Microsoft Windows Server 2008 R2 (64-bit)
dca-dev1110,poweredOn,2,8,2,2,83,Microsoft Windows Server 2008 R2 (64-bit)
dca-dev1204,poweredOn,2,8,2,2,108,Microsoft Windows Server 2008 R2 (64-bit)
dca-dev1229,poweredOn,2,16,1,2,166,Microsoft Windows Server 2012 (64-bit)
dca-dev1241,poweredOn,4,8,1,2,158,Microsoft Windows Server 2012 (64-bit)
dca-dev1259,poweredOn,4,32,1,2,182,Microsoft Windows Server 2012 (64-bit)
dca-dev1279,poweredOn,1,4,1,2,124,Microsoft Windows Server 2012 (64-bit)
dca-dev1283,poweredOn,2,4,1,2,104,Microsoft Windows Server 2008 R2 (64-bit)
dca-dev1284,poweredOn,2,4,2,2,104,Microsoft Windows Server 2008 R2 (64-bit)
dca-dev1285,poweredOn,2,4,1,2,104,Microsoft Windows Server 2008 R2 (64-bit)
dca-dev1290,poweredOn,1,16,1,2,76,Microsoft Windows Server 2012 (64-bit)
dca-dev1291,poweredOn,1,16,1,2,76,Microsoft Windows Server 2012 (64-bit)
dca-dev1347,poweredOn,4,8,1,2,118,Microsoft Windows Server 2012 (64-bit)
dca-dev1348,poweredOn,1,4,1,2,114,Microsoft Windows Server 2012 (64-bit)
dca-dev1373,poweredOn,2,8,1,2,108,Microsoft Windows Server 2012 (64-bit)
dca-dev1374,poweredOn,1,16,1,2,116,Microsoft Windows Server 2012 (64-bit)
dca-dev1383,poweredOn,2,8,1,2,158,Microsoft Windows Server 2012 (64-bit)
dca-dev1394,poweredOn,2,8,1,2,258,Microsoft Windows Server 2012 (64-bit)
dca-dev1426,poweredOn,1,8,1,2,143,Microsoft Windows Server 2012 (64-bit)
dca-dev1436,poweredOn,4,16,1,6,726,Microsoft Windows Server 2012 (64-bit)
dca-dev1440,poweredOn,2,6,1,6,290,Microsoft Windows Server 2012 (64-bit)
dca-dev1443,poweredOn,2,24,1,6,308,Microsoft Windows Server 2012 (64-bit)
dca-dev1446,poweredOn,2,4,2,2,104,Microsoft Windows Server 2008 R2 (64-bit)
dca-dev1454,poweredOn,4,16,1,2,366,Microsoft Windows Server 2012 (64-bit)
dca-dev1463,poweredOn,4,8,1,2,258,Microsoft Windows Server 2012 (64-bit)
dca-dev1464,poweredOn,2,8,1,2,258,Microsoft Windows Server 2012 (64-bit)
dca-dev1465,poweredOn,2,8,1,2,258,Microsoft Windows Server 2012 (64-bit)
dca-dev1466,poweredOn,2,8,1,2,258,Microsoft Windows Server 2012 (64-bit)
dca-dev1467,poweredOn,2,16,1,2,266,Microsoft Windows Server 2012 (64-bit)
dca-dev1477,poweredOn,4,16,1,1,66,Microsoft Windows Server 2012 (64-bit)
dca-dev1553,poweredOn,4,16,1,2,578,Microsoft Windows Server 2012 (64-bit)
dca-dev1554,poweredOn,4,16,1,2,578,Microsoft Windows Server 2012 (64-bit)
dca-dev1555,poweredOn,4,16,1,2,578,Microsoft Windows Server 2012 (64-bit)
dca-dev204,poweredOn,2,4,2,3,185,Microsoft Windows Server 2003 (32-bit)
dca-dev205,poweredOn,2,4,3,2,100,Microsoft Windows Server 2003 (32-bit)
dca-dev208,poweredOn,2,3,3,1,74,Microsoft Windows Server 2003 (32-bit)
dca-dev331,poweredOn,2,8,1,6,420,Microsoft Windows Server 2012 (64-bit)
dca-dev5018,poweredOn,4,16,1,6,286,Microsoft Windows Server 2012 (64-bit)
dca-dev510,poweredOn,1,4,2,2,134,Microsoft Windows Server 2008 R2 (64-bit)
dca-dev511,poweredOn,1,4,2,2,104,Microsoft Windows 7 (64-bit)
dca-dev512,poweredOn,1,4,2,2,104,Microsoft Windows 7 (64-bit)
dca-dev513,poweredOn,1,4,2,2,104,Microsoft Windows 7 (64-bit)
dca-dev614,poweredOff,1,1,2,3,86,
dca-dev618,poweredOn,2,2,2,2,43,Microsoft Windows Server 2003 (32-bit)
dca-dev620,poweredOn,2,6,2,6,426,Microsoft Windows Server 2008 R2 (64-bit)
dca-dev625,poweredOn,1,4,2,2,74,Microsoft Windows Server 2008 (32-bit)
dca-dev631,poweredOn,2,4,2,2,95,Microsoft Windows Server 2003 (32-bit)
dca-dev634,poweredOn,1,4,2,2,84,Microsoft Windows Server 2008 R2 (64-bit)
dca-dev649,poweredOn,6,8,2,2,208,Microsoft Windows Server 2008 R2 (64-bit)
dca-dev654,poweredOn,2,4,2,2,174,Microsoft Windows Server 2008 R2 (64-bit)
dca-dev655,poweredOn,2,4,2,2,209,Microsoft Windows Server 2008 R2 (64-bit)
dca-dev656,poweredOn,2,4,2,2,209,Microsoft Windows Server 2008 R2 (64-bit)
dca-dev663,poweredOn,2,6,2,2,76,Microsoft Windows Server 2008 R2 (64-bit)
dca-dev672,poweredOn,2,8,2,3,258,Microsoft Windows Server 2008 R2 (64-bit)
dca-dev687,poweredOn,2,2,2,2,169,Microsoft Windows Server 2003 (32-bit)
dca-dev702,poweredOn,2,2,2,2,93,Microsoft Windows Server 2003 (32-bit)
dca-dev704,poweredOff,2,2,2,2,63,
dca-dev705,poweredOn,2,8,2,2,108,Microsoft Windows Server 2008 R2 (64-bit)
dca-dev710,poweredOn,1,4,2,2,84,Microsoft Windows Server 2008 R2 (64-bit)
dca-dev717,poweredOn,2,8,2,2,163,Microsoft Windows Server 2008 R2 (64-bit)
dca-dev730,poweredOn,1,8,2,2,144,Microsoft Windows Server 2003 (64-bit)
dca-dev748,poweredOn,2,8,1,2,88,Microsoft Windows Server 2012 (64-bit)
dca-dev762,poweredOn,1,8,2,2,108,Microsoft Windows Server 2008 R2 (64-bit)
dca-dev763,poweredOn,2,8,2,2,558,Microsoft Windows Server 2008 R2 (64-bit)
dca-dev767,poweredOn,4,16,4,3,"1,200",Microsoft Windows Server 2008 R2 (64-bit)
dca-dev777,poweredOn,2,4,2,2,154,Microsoft Windows Server 2008 R2 (64-bit)
dca-dev780,poweredOn,2,4,2,2,154,Microsoft Windows Server 2008 R2 (64-bit)
dca-dev785,poweredOn,4,4,2,2,164,Microsoft Windows Server 2008 R2 (64-bit)
dca-dev789,poweredOn,1,8,2,2,158,Microsoft Windows Server 2008 R2 (64-bit)
dca-dev790,poweredOn,1,4,2,2,104,Microsoft Windows Server 2008 R2 (64-bit)
dca-dev792,poweredOn,2,4,2,2,139,Microsoft Windows Server 2008 R2 (64-bit)
dca-dev794,poweredOn,1,4,2,2,104,Microsoft Windows Server 2008 R2 (64-bit)
dca-dev795,poweredOn,1,4,2,2,104,Microsoft Windows Server 2008 R2 (64-bit)
dca-dev796,poweredOn,2,4,2,2,154,Microsoft Windows Server 2008 R2 (64-bit)
dca-dev797,poweredOn,1,4,2,2,114,Microsoft Windows Server 2008 R2 (64-bit)
dca-dev800,poweredOn,2,2,2,2,88,Microsoft Windows Server 2003 (32-bit)
dca-dev805,poweredOn,1,1,2,2,94,Microsoft Windows Server 2003 (32-bit)
dca-dev806,poweredOn,1,2,2,2,133,Microsoft Windows Server 2003 (32-bit)
dca-dev808,poweredOn,1,4,2,2,84,Microsoft Windows Server 2008 R2 (64-bit)
dca-dev815,poweredOn,1,1,2,2,94,Microsoft Windows Server 2003 (32-bit)
dca-dev854,poweredOn,2,4,2,2,85,Microsoft Windows Server 2003 (64-bit)
dca-dev857,poweredOn,1,4,2,2,69,Microsoft Windows Server 2008 R2 (64-bit)
dca-dev858,poweredOn,1,8,2,2,108,Microsoft Windows Server 2008 R2 (64-bit)
dca-dev861,poweredOn,1,4,2,2,104,Microsoft Windows Server 2008 R2 (64-bit)
dca-dev862,poweredOn,1,4,2,2,104,Microsoft Windows Server 2008 R2 (64-bit)
dca-dev864,poweredOn,1,4,2,2,104,Microsoft Windows Server 2008 R2 (64-bit)
dca-dev866,poweredOn,2,8,2,2,158,Microsoft Windows Server 2008 R2 (64-bit)
dca-dev867,poweredOn,2,4,2,2,104,Microsoft Windows Server 2008 R2 (64-bit)
dca-dev877,poweredOn,2,4,2,2,126,Microsoft Windows Server 2008 R2 (64-bit)
dca-dev878,poweredOn,2,8,2,2,158,Microsoft Windows Server 2008 R2 (64-bit)
dca-dev879,poweredOn,2,8,2,2,108,Microsoft Windows Server 2008 R2 (64-bit)
dca-dev883,poweredOn,2,4,2,2,84,Microsoft Windows Server 2008 R2 (64-bit)
dca-dev885,poweredOn,2,4,2,2,94,Microsoft Windows Server 2008 R2 (64-bit)
dca-dev886,poweredOn,2,4,2,2,84,Microsoft Windows Server 2008 R2 (64-bit)
dca-dev895,poweredOn,2,4,2,2,84,Microsoft Windows Server 2008 R2 (64-bit)
dca-dev903,poweredOn,1,4,2,2,74,Microsoft Windows Server 2008 R2 (64-bit)
dca-dev920,poweredOn,1,8,2,2,148,Microsoft Windows Server 2008 R2 (64-bit)
dca-dev921,poweredOn,1,8,2,2,198,Microsoft Windows Server 2008 R2 (64-bit)
dca-dev922,poweredOn,1,8,2,2,158,Microsoft Windows Server 2008 R2 (64-bit)
dca-dev923,poweredOn,1,8,2,2,158,Microsoft Windows Server 2008 R2 (64-bit)
dca-dev924,poweredOn,1,8,2,2,168,Microsoft Windows Server 2008 R2 (64-bit)
dca-dev925,poweredOn,1,8,2,2,173,Microsoft Windows Server 2008 R2 (64-bit)
dca-dev926,poweredOn,1,8,2,2,158,Microsoft Windows Server 2008 R2 (64-bit)
dca-dev927,poweredOn,1,8,2,2,158,Microsoft Windows Server 2008 R2 (64-bit)
dca-dev929,poweredOn,1,8,2,2,158,Microsoft Windows Server 2008 R2 (64-bit)
dca-dev937,poweredOn,2,4,2,2,154,Microsoft Windows Server 2008 R2 (64-bit)
dca-dev938,poweredOn,2,4,2,2,104,Microsoft Windows Server 2008 R2 (64-bit)
dca-dev950,poweredOn,4,8,2,2,118,Microsoft Windows Server 2008 R2 (64-bit)
dca-dev981,poweredOn,6,8,2,2,108,Microsoft Windows Server 2008 R2 (64-bit)
dca-dev994,poweredOn,4,16,2,2,166,Microsoft Windows Server 2008 R2 (64-bit)
dca-nbu002,poweredOn,4,16,2,2,136,Microsoft Windows Server 2008 R2 (64-bit)
dca-pro1003,poweredOn,2,8,2,2,758,Microsoft Windows Server 2008 R2 (64-bit)
dca-pro1006,poweredOn,2,12,2,6,832,Microsoft Windows Server 2008 R2 (64-bit)
dca-pro1013,poweredOn,2,4,2,1,64,Microsoft Windows Server 2008 R2 (64-bit)
dca-pro1014,poweredOn,2,4,2,1,54,Microsoft Windows Server 2008 R2 (64-bit)
dca-pro1015,poweredOn,8,6,2,2,106,Microsoft Windows Server 2008 R2 (64-bit)
dca-pro1016,poweredOn,2,6,2,2,76,Microsoft Windows Server 2008 R2 (64-bit)
dca-pro1023,poweredOn,4,8,2,2,558,Microsoft Windows Server 2008 R2 (64-bit)
dca-pro1024,poweredOn,4,8,2,2,558,Microsoft Windows Server 2008 R2 (64-bit)
dca-pro1025,poweredOn,2,8,2,2,416,Microsoft Windows Server 2008 R2 (64-bit)
dca-pro1029,poweredOn,2,8,2,2,118,Microsoft Windows Server 2008 R2 (64-bit)
dca-pro1030,poweredOn,2,8,2,2,118,Microsoft Windows Server 2008 R2 (64-bit)
dca-pro1033,poweredOn,4,32,2,8,"2,417",Microsoft Windows Server 2008 R2 (64-bit)
dca-pro1036,poweredOff,4,32,1,2,222,Microsoft Windows Server 2008 R2 (64-bit)
dca-pro1036b,poweredOn,4,32,1,2,222,Microsoft Windows Server 2012 (64-bit)
dca-pro1036-clone,poweredOff,4,32,1,2,222,Microsoft Windows Server 2008 R2 (64-bit)
dca-pro1037,poweredOff,8,32,1,2,322,
dca-pro1037-clone,poweredOff,8,32,1,2,322,Microsoft Windows Server 2012 (64-bit)
dca-pro1037d,poweredOn,8,32,1,2,322,Microsoft Windows Server 2012 (64-bit)
dca-pro1040,poweredOn,4,24,2,7,"2,642",Microsoft Windows Server 2008 R2 (64-bit)
dca-pro1041,poweredOn,1,4,2,2,94,Microsoft Windows Server 2008 R2 (64-bit)
dca-pro1042,poweredOn,8,8,2,2,358,Microsoft Windows Server 2008 R2 (64-bit)
dca-pro1043,poweredOn,2,4,2,2,204,Microsoft Windows Server 2008 R2 (64-bit)
dca-pro1045,poweredOff,4,8,2,2,158,
dca-pro1046,poweredOff,2,4,2,2,104,Microsoft Windows Server 2008 R2 (64-bit)
dca-pro1047,poweredOn,6,10,2,6,650,Microsoft Windows Server 2008 R2 (64-bit)
dca-pro1052,poweredOff,4,8,0,0,9,Microsoft Windows Server 2008 R2 (64-bit)
dca-pro1053,poweredOff,4,8,0,0,9,
dca-pro1054,poweredOff,4,8,0,0,9,
dca-pro1055,poweredOff,4,8,0,0,9,
dca-pro1056,poweredOff,4,8,0,0,9,
dca-pro1057,poweredOn,8,32,2,2,582,Microsoft Windows Server 2008 R2 (64-bit)
dca-pro1059,poweredOn,4,16,2,2,166,Microsoft Windows Server 2008 R2 (64-bit)
dca-pro1060,poweredOn,4,16,2,2,166,Microsoft Windows Server 2008 R2 (64-bit)
dca-pro1061,poweredOn,4,8,2,2,158,Microsoft Windows Server 2008 R2 (64-bit)
dca-pro1062,poweredOn,4,8,2,2,158,Microsoft Windows Server 2008 R2 (64-bit)
dca-pro1064,poweredOn,4,8,2,2,158,Microsoft Windows Server 2008 R2 (64-bit)
dca-pro1065,poweredOn,4,8,2,2,158,Microsoft Windows Server 2008 R2 (64-bit)
dca-pro1067,poweredOn,4,16,2,2,316,Microsoft Windows Server 2008 R2 (64-bit)
dca-pro1069,poweredOn,1,4,2,2,104,Microsoft Windows Server 2008 R2 (64-bit)
dca-pro1070,poweredOn,1,8,2,2,108,Microsoft Windows Server 2008 R2 (64-bit)
dca-pro1076,poweredOn,2,8,2,2,108,Microsoft Windows Server 2008 R2 (64-bit)
dca-pro1079,poweredOn,4,8,2,2,158,Microsoft Windows Server 2008 R2 (64-bit)
dca-pro1083,poweredOn,4,8,2,4,518,Microsoft Windows Server 2008 R2 (64-bit)
dca-pro1086,poweredOn,8,12,2,5,682,Microsoft Windows Server 2008 R2 (64-bit)
dca-pro1087,poweredOn,8,12,2,2,112,Microsoft Windows Server 2008 R2 (64-bit)
dca-pro1088,poweredOn,8,12,2,2,112,Microsoft Windows Server 2008 R2 (64-bit)
dca-pro1090,poweredOn,2,6,2,6,621,Microsoft Windows Server 2008 R2 (64-bit)
dca-pro1094,poweredOn,2,4,2,2,104,Microsoft Windows Server 2008 R2 (64-bit)
dca-pro1096,poweredOn,2,8,2,2,108,Microsoft Windows Server 2008 R2 (64-bit)
dca-pro1097,poweredOn,2,8,2,2,108,Microsoft Windows Server 2008 R2 (64-bit)
dca-pro1100,poweredOn,4,16,2,2,166,Microsoft Windows Server 2008 R2 (64-bit)
dca-pro1101,poweredOn,2,32,2,2,582,Microsoft Windows Server 2008 R2 (64-bit)
dca-pro1102,poweredOn,1,16,2,6,206,Microsoft Windows Server 2008 R2 (64-bit)
dca-pro1113,poweredOn,2,6,2,2,96,Microsoft Windows Server 2008 R2 (64-bit)
dca-pro1114,poweredOn,2,6,2,6,376,Microsoft Windows Server 2008 R2 (64-bit)
dca-pro1115,poweredOn,4,16,2,2,316,Microsoft Windows Server 2008 R2 (64-bit)
dca-pro1125,poweredOn,2,8,2,6,"1,147",Microsoft Windows Server 2008 R2 (64-bit)
dca-pro1127,poweredOn,2,8,1,2,98,Microsoft Windows Server 2008 R2 (64-bit)
dca-pro1128,poweredOn,4,8,2,2,68,Microsoft Windows Server 2012 (64-bit)
dca-pro1129,poweredOn,4,18,2,2,103,Microsoft Windows Server 2012 (64-bit)
dca-pro1135,poweredOn,8,8,2,6,668,Microsoft Windows Server 2008 R2 (64-bit)
dca-pro1136,poweredOn,4,8,2,3,388,Microsoft Windows Server 2008 R2 (64-bit)
dca-pro1140,poweredOn,4,8,1,2,268,Microsoft Windows Server 2012 (64-bit)
dca-pro1141,poweredOn,4,8,1,2,268,Microsoft Windows Server 2012 (64-bit)
dca-pro1143,poweredOn,2,8,1,6,608,Microsoft Windows Server 2012 (64-bit)
dca-pro1152,poweredOn,8,8,2,3,348,Microsoft Windows Server 2008 R2 (64-bit)
dca-pro1153,poweredOn,8,8,2,3,168,Microsoft Windows Server 2008 R2 (64-bit)
dca-pro1154,poweredOn,8,8,2,4,378,Microsoft Windows Server 2008 R2 (64-bit)
dca-pro1155,poweredOn,8,12,2,6,394,Microsoft Windows Server 2008 R2 (64-bit)
dca-pro1156,poweredOn,4,16,2,2,191,Microsoft Windows Server 2008 R2 (64-bit)
dca-pro1157,poweredOn,4,16,2,2,191,Microsoft Windows Server 2008 R2 (64-bit)
dca-pro1158,poweredOn,4,16,2,6,286,Microsoft Windows Server 2012 (64-bit)
dca-pro1160,poweredOn,4,8,2,4,298,Microsoft Windows Server 2012 (64-bit)
dca-pro1162,poweredOn,1,4,2,2,74,Microsoft Windows Server 2008 R2 (64-bit)
dca-pro1163,poweredOn,4,8,2,4,848,Microsoft Windows Server 2012 (64-bit)
dca-pro1164,poweredOff,4,8,1,2,118,
dca-pro1165,poweredOn,4,16,1,2,106,Microsoft Windows Server 2012 (64-bit)
dca-pro1166,poweredOn,4,8,2,2,240,Other 3.x or later Linux (64-bit)
dca-pro1168,poweredOn,4,32,1,2,152,Microsoft Windows Server 2008 R2 (64-bit)
dca-pro1169,poweredOn,4,8,1,2,123,Microsoft Windows Server 2008 R2 (64-bit)
dca-pro1170,poweredOn,2,8,1,2,196,Microsoft Windows Server 2008 R2 (64-bit)
dca-pro1171,poweredOn,4,16,1,2,166,Microsoft Windows Server 2012 (64-bit)
dca-pro1172,poweredOn,4,16,1,2,216,Microsoft Windows Server 2012 (64-bit)
dca-pro1173,poweredOn,4,8,1,2,158,Microsoft Windows Server 2012 (64-bit)
dca-pro1174,poweredOn,4,8,1,2,158,Microsoft Windows Server 2012 (64-bit)
dca-pro1175,poweredOn,4,16,1,6,796,Microsoft Windows Server 2012 (64-bit)
dca-pro1176,poweredOn,1,4,1,1,54,Microsoft Windows Server 2012 (64-bit)
dca-pro1177,poweredOn,4,8,1,3,"1,416",Microsoft Windows Server 2012 (64-bit)
dca-pro1178,poweredOn,4,8,1,2,108,Microsoft Windows Server 2012 (64-bit)
dca-pro1179,poweredOn,4,8,1,2,208,Microsoft Windows Server 2012 (64-bit)
dca-pro1180,poweredOn,4,8,1,2,108,Microsoft Windows Server 2012 (64-bit)
dca-pro1181,poweredOn,4,8,1,2,108,Microsoft Windows Server 2012 (64-bit)
dca-pro1182,poweredOn,8,32,1,12,"6,496",Microsoft Windows Server 2012 (64-bit)
dca-pro1183,poweredOn,4,16,1,6,736,Microsoft Windows Server 2012 (64-bit)
dca-pro1184,poweredOff,6,16,1,3,"1,240",Microsoft Windows Server 2012 (64-bit)
dca-pro1189,poweredOn,2,16,1,6,836,Microsoft Windows Server 2012 (64-bit)
dca-pro1192,poweredOff,6,16,0,0,17,Microsoft Windows Server 2012 (64-bit)
dca-pro1193,poweredOff,4,16,0,0,17,Microsoft Windows Server 2012 (64-bit)
dca-pro1194,poweredOff,4,16,0,0,17,Microsoft Windows Server 2012 (64-bit)
dca-pro1196,poweredOn,2,8,1,2,78,Microsoft Windows Server 2012 (64-bit)
dca-pro1197,poweredOn,2,8,1,2,78,Microsoft Windows Server 2012 (64-bit)
dca-pro1198,poweredOff,12,128,0,0,129,Microsoft Windows Server 2012 (64-bit)
dca-pro1201,poweredOff,2,4,0,0,5,Microsoft Windows Server 2012 (64-bit)
dca-pro1202,poweredOff,2,4,0,0,5,Microsoft Windows Server 2012 (64-bit)
dca-pro1205,poweredOff,2,8,2,2,108,
dca-pro1207,poweredOn,4,8,2,4,298,Microsoft Windows Server 2008 R2 (64-bit)
dca-pro1208,poweredOn,4,4,1,2,134,Microsoft Windows Server 2012 (64-bit)
dca-pro1209,poweredOn,2,16,1,2,366,Microsoft Windows Server 2012 (64-bit)
dca-pro1210,poweredOn,2,8,1,6,378,Microsoft Windows Server 2012 (64-bit)
dca-pro1212,poweredOn,4,8,1,3,128,Microsoft Windows Server 2012 (64-bit)
dca-pro1213,poweredOn,4,8,1,3,128,Microsoft Windows Server 2012 (64-bit)
dca-pro1214,poweredOn,4,8,1,4,628,Microsoft Windows Server 2012 (64-bit)
dca-pro1216,poweredOn,4,8,1,3,128,Microsoft Windows Server 2012 (64-bit)
dca-pro1217,poweredOn,4,16,1,2,191,Microsoft Windows Server 2012 (64-bit)
dca-pro1218,poweredOn,4,16,1,2,191,Microsoft Windows Server 2012 (64-bit)
dca-pro1219,poweredOn,4,16,1,2,191,Microsoft Windows Server 2012 (64-bit)
dca-pro1220,poweredOn,4,16,1,2,191,Microsoft Windows Server 2012 (64-bit)
dca-pro1229,poweredOn,2,16,1,2,616,Microsoft Windows Server 2012 (64-bit)
dca-pro1230,poweredOn,2,16,1,6,461,Microsoft Windows Server 2012 (64-bit)
dca-pro1237,poweredOn,2,8,1,2,208,Microsoft Windows Server 2012 (64-bit)
dca-pro1239,poweredOn,8,8,2,2,168,Microsoft Windows Server 2008 R2 (64-bit)
dca-pro1240,poweredOn,8,8,2,3,198,Microsoft Windows Server 2008 R2 (64-bit)
dca-pro1242,poweredOn,4,16,1,2,166,Microsoft Windows Server 2012 (64-bit)
dca-pro1244,poweredOn,4,8,1,2,158,Microsoft Windows Server 2012 (64-bit)
dca-pro1245,poweredOn,4,16,1,2,166,Microsoft Windows Server 2012 (64-bit)
dca-pro1247,poweredOn,4,8,1,2,158,Microsoft Windows Server 2012 (64-bit)
dca-pro1248,poweredOn,4,8,1,2,158,Microsoft Windows Server 2012 (64-bit)
dca-pro1250,poweredOn,4,8,1,2,158,Microsoft Windows Server 2012 (64-bit)
dca-pro1251,poweredOn,4,8,1,2,166,Microsoft Windows Server 2012 (64-bit)
dca-pro1253,poweredOn,4,8,1,2,118,Microsoft Windows Server 2012 (64-bit)
dca-pro1259,poweredOn,2,8,1,2,109,Microsoft Windows Server 2012 (64-bit)
dca-pro1260,poweredOn,2,8,1,2,127,Microsoft Windows Server 2012 (64-bit)
dca-pro1261,poweredOn,4,32,1,2,682,Microsoft Windows Server 2012 (64-bit)
dca-pro1262,poweredOn,4,32,1,2,682,Microsoft Windows Server 2012 (64-bit)
dca-pro1263,poweredOn,4,16,1,6,286,Microsoft Windows Server 2012 (64-bit)
dca-pro1269,poweredOn,2,8,1,2,208,Microsoft Windows Server 2012 (64-bit)
dca-pro1270,poweredOn,2,8,1,2,558,Microsoft Windows Server 2012 (64-bit)
dca-pro1271,poweredOn,2,8,1,2,558,Microsoft Windows Server 2012 (64-bit)
dca-pro1272,poweredOn,2,8,1,2,208,Microsoft Windows Server 2012 (64-bit)
dca-pro1275,poweredOn,4,8,1,2,158,Microsoft Windows Server 2012 (64-bit)
dca-pro1278,poweredOn,2,4,1,2,104,Microsoft Windows Server 2012 (64-bit)
dca-pro1279,poweredOn,64,48,1,2,198,Microsoft Windows Server 2012 (64-bit)
dca-pro1280,poweredOn,64,48,1,2,198,Microsoft Windows Server 2012 (64-bit)
dca-pro1283,poweredOn,2,8,2,2,118,Microsoft Windows Server 2008 R2 (64-bit)
dca-pro1284,poweredOn,2,8,2,2,118,Microsoft Windows Server 2008 R2 (64-bit)
dca-pro1285,poweredOn,2,8,2,2,118,Microsoft Windows Server 2008 R2 (64-bit)
dca-pro1286,poweredOn,2,8,1,6,328,Microsoft Windows Server 2012 (64-bit)
dca-pro1287,poweredOn,4,16,1,2,"1,090",Microsoft Windows Server 2012 (64-bit)
dca-pro1297,poweredOn,2,8,1,2,158,Microsoft Windows Server 2012 (64-bit)
dca-pro1298,poweredOn,4,8,1,6,423,Microsoft Windows Server 2012 (64-bit)
dca-pro1300,poweredOn,4,8,1,2,108,Microsoft Windows Server 2012 (64-bit)
dca-pro1302,poweredOn,6,64,1,2,514,Microsoft Windows Server 2012 (64-bit)
dca-pro1303,poweredOn,4,16,1,2,866,Microsoft Windows Server 2012 (64-bit)
dca-pro1304,poweredOn,4,8,1,2,121,Microsoft Windows Server 2012 (64-bit)
dca-pro1305,poweredOn,4,8,1,2,108,Microsoft Windows Server 2012 (64-bit)
dca-pro1322,poweredOn,8,8,1,2,109,Microsoft Windows Server 2012 (64-bit)
dca-pro1322-old,poweredOn,8,8,1,2,108,Microsoft Windows Server 2012 (64-bit)
dca-pro1326,poweredOn,4,32,2,2,206,Microsoft Windows Server 2008 R2 (64-bit)
dca-pro1327,poweredOn,4,32,2,2,206,Microsoft Windows Server 2008 R2 (64-bit)
dca-pro1328,poweredOn,8,48,2,2,222,Microsoft Windows Server 2008 R2 (64-bit)
dca-pro1329,poweredOn,8,48,2,2,222,Microsoft Windows Server 2008 R2 (64-bit)
dca-pro1334,poweredOn,4,8,1,2,158,Microsoft Windows Server 2012 (64-bit)
dca-pro1335,poweredOn,4,8,1,2,158,Microsoft Windows Server 2012 (64-bit)
dca-pro1338,poweredOn,4,8,1,1,158,Microsoft Windows Server 2012 (64-bit)
dca-pro1339,poweredOn,4,8,1,2,158,Microsoft Windows Server 2012 (64-bit)
dca-pro1345,poweredOn,6,16,1,2,416,Microsoft Windows Server 2012 (64-bit)
dca-pro1347,poweredOn,2,16,1,2,126,Microsoft Windows Server 2012 (64-bit)
dca-pro1348,poweredOn,2,8,1,2,118,Microsoft Windows Server 2012 (64-bit)
dca-pro1350,poweredOn,2,4,1,2,109,Microsoft Windows Server 2012 (64-bit)
dca-pro1352,poweredOn,4,16,1,2,116,Microsoft Windows Server 2012 (64-bit)
dca-pro1353,poweredOn,8,12,1,2,112,Microsoft Windows Server 2012 (64-bit)
dca-pro1354,poweredOn,8,12,1,2,112,Microsoft Windows Server 2012 (64-bit)
dca-pro1355,poweredOn,8,14,1,2,314,Microsoft Windows Server 2012 (64-bit)
dca-pro1356,poweredOn,8,14,1,2,314,Microsoft Windows Server 2012 (64-bit)
dca-pro1357,poweredOn,4,16,1,6,876,Microsoft Windows Server 2012 (64-bit)
dca-pro1358,poweredOn,2,16,1,2,116,Microsoft Windows Server 2012 (64-bit)
dca-pro1359,poweredOff,4,16,0,0,17,Microsoft Windows Server 2012 (64-bit)
dca-pro1360,poweredOn,2,4,1,2,154,Microsoft Windows Server 2012 (64-bit)
dca-pro1363,poweredOn,2,8,1,4,"5,945",Microsoft Windows Server 2012 (64-bit)
dca-pro1365,poweredOn,4,16,1,2,196,Microsoft Windows Server 2012 (64-bit)
dca-pro1368,poweredOn,2,8,1,2,208,Microsoft Windows Server 2012 (64-bit)
dca-pro1369,poweredOn,4,8,1,2,208,Microsoft Windows Server 2012 (64-bit)
dca-pro1370,poweredOn,4,8,1,2,208,Microsoft Windows Server 2012 (64-bit)
dca-pro1371,poweredOn,4,16,1,6,446,Microsoft Windows Server 2012 (64-bit)
dca-pro1372,poweredOn,6,16,1,6,"2,306",Microsoft Windows Server 2012 (64-bit)
dca-pro1374,poweredOn,1,16,1,2,116,Microsoft Windows Server 2012 (64-bit)
dca-pro1376,poweredOn,4,8,1,2,258,Microsoft Windows Server 2012 (64-bit)
dca-pro1377,poweredOn,4,8,1,2,258,Microsoft Windows Server 2012 (64-bit)
dca-pro1378,poweredOn,2,6,1,6,256,Microsoft Windows Server 2012 (64-bit)
dca-pro1380,poweredOn,8,8,1,2,108,Microsoft Windows Server 2012 (64-bit)
dca-pro1381,poweredOn,4,8,1,2,158,Microsoft Windows Server 2012 (64-bit)
dca-pro1382,poweredOn,4,16,1,2,"1,266",Microsoft Windows Server 2012 (64-bit)
dca-pro1386,poweredOn,4,32,1,2,282,Microsoft Windows Server 2012 (64-bit)
dca-pro1387,poweredOn,4,32,1,2,282,Microsoft Windows Server 2012 (64-bit)
dca-pro1388,poweredOn,4,32,1,2,282,Microsoft Windows Server 2012 (64-bit)
dca-pro1392,poweredOn,2,8,1,2,258,Microsoft Windows Server 2012 (64-bit)
dca-pro1396,poweredOn,2,8,1,2,108,Microsoft Windows Server 2012 (64-bit)
dca-pro1397,poweredOn,4,8,1,2,108,Microsoft Windows Server 2012 (64-bit)
dca-pro1398,poweredOn,6,32,1,6,"1,152",Microsoft Windows Server 2012 (64-bit)
dca-pro1399,poweredOn,2,8,1,2,108,Microsoft Windows Server 2012 (64-bit)
dca-pro1400,poweredOn,2,8,1,6,578,Microsoft Windows Server 2012 (64-bit)
dca-pro1407,poweredOn,1,16,1,2,166,Microsoft Windows Server 2012 (64-bit)
dca-pro1408,poweredOn,4,16,1,2,166,Microsoft Windows Server 2012 (64-bit)
dca-pro1409,poweredOn,2,8,1,6,558,Microsoft Windows Server 2012 (64-bit)
dca-pro1411,poweredOn,8,32,1,2,"1,142",Microsoft Windows Server 2012 (64-bit)
dca-pro1414,poweredOn,1,4,1,2,254,Microsoft Windows Server 2012 (64-bit)
dca-pro1415,poweredOn,2,12,1,2,112,Microsoft Windows Server 2012 (64-bit)
dca-pro1416,poweredOn,2,8,1,2,158,Microsoft Windows Server 2012 (64-bit)
dca-pro1418,poweredOn,4,8,1,2,73,Microsoft Windows Server 2012 (64-bit)
dca-pro1421,poweredOn,2,8,1,6,812,Microsoft Windows Server 2012 (64-bit)
dca-pro1423,poweredOn,8,32,1,2,582,Microsoft Windows Server 2012 (64-bit)
dca-pro1424,poweredOn,2,8,1,2,308,Microsoft Windows Server 2012 (64-bit)
dca-pro1425,poweredOn,2,8,1,6,298,Microsoft Windows Server 2012 (64-bit)
dca-pro1426,poweredOn,4,14,1,2,194,Microsoft Windows Server 2012 (64-bit)
dca-pro1427,poweredOn,2,4,1,2,64,Microsoft Windows Server 2012 (64-bit)
dca-pro1429,poweredOn,4,16,1,2,186,Microsoft Windows Server 2012 (64-bit)
dca-pro1435,poweredOn,2,16,1,2,116,Microsoft Windows Server 2012 (64-bit)
dca-pro1439,poweredOn,2,6,1,6,345,Microsoft Windows Server 2012 (64-bit)
dca-pro1441,poweredOn,2,8,1,2,88,Microsoft Windows Server 2012 (64-bit)
dca-pro1442,poweredOn,12,32,1,6,"2,406",Microsoft Windows Server 2012 (64-bit)
dca-pro1445,poweredOn,2,4,1,2,104,Microsoft Windows Server 2012 (64-bit)
dca-pro1448,poweredOn,8,32,1,6,"2,666",Microsoft Windows Server 2012 (64-bit)
dca-pro1450,poweredOn,2,4,1,2,254,Microsoft Windows Server 2012 (64-bit)
dca-pro1451,poweredOn,4,16,1,2,86,Microsoft Windows Server 2012 (64-bit)
dca-pro1452,poweredOn,2,4,1,2,94,Microsoft Windows Server 2012 (64-bit)
dca-pro1453,poweredOn,4,16,1,2,166,Microsoft Windows Server 2012 (64-bit)
dca-pro1454,poweredOn,4,16,1,2,366,Microsoft Windows Server 2012 (64-bit)
dca-pro1456,poweredOn,2,8,1,2,308,Microsoft Windows Server 2012 (64-bit)
dca-pro1457,poweredOn,8,64,1,2,314,Microsoft Windows Server 2012 (64-bit)
dca-pro1458,poweredOn,8,64,1,6,"11,534",Microsoft Windows Server 2012 (64-bit)
dca-pro1459,poweredOn,8,64,1,5,"9,486",
dca-pro1460,poweredOn,8,64,1,5,"6,414",Microsoft Windows Server 2012 (64-bit)
dca-pro1461,poweredOn,12,200,1,6,870,Microsoft Windows Server 2012 (64-bit)
dca-pro1468,poweredOn,8,64,1,5,"2,414",
dca-pro1469,poweredOn,8,64,1,5,"2,414",
dca-pro1470,poweredOn,4,8,1,2,108,
dca-pro1472,poweredOn,4,16,1,2,166,Microsoft Windows Server 2012 (64-bit)
dca-pro1473,poweredOn,2,8,1,2,88,Microsoft Windows Server 2012 (64-bit)
dca-pro1476,poweredOn,6,16,1,3,586,Microsoft Windows Server 2012 (64-bit)
dca-pro1477,poweredOn,4,16,1,1,66,Microsoft Windows Server 2012 (64-bit)
dca-pro1478,poweredOn,4,16,1,1,66,Microsoft Windows Server 2012 (64-bit)
dca-pro1479,poweredOn,4,16,1,1,66,Microsoft Windows Server 2012 (64-bit)
dca-pro1483,poweredOn,4,16,1,1,66,Microsoft Windows Server 2012 (64-bit)
dca-pro1490,poweredOn,4,32,1,2,132,Microsoft Windows Server 2012 (64-bit)
dca-pro1491,poweredOn,4,32,1,6,322,Microsoft Windows Server 2012 (64-bit)
dca-pro1493,poweredOn,2,8,1,2,108,Microsoft Windows Server 2012 (64-bit)
dca-pro1494,poweredOn,1,8,1,2,158,Microsoft Windows Server 2012 (64-bit)
dca-pro1495,poweredOn,8,32,1,2,532,Microsoft Windows Server 2012 (64-bit)
dca-pro1496,poweredOn,2,16,1,2,266,Microsoft Windows Server 2012 (64-bit)
dca-pro1499,poweredOn,4,128,1,2,278,Microsoft Windows Server 2012 (64-bit)
dca-pro1500,poweredOn,4,128,1,2,278,Microsoft Windows Server 2012 (64-bit)
dca-pro1501,poweredOn,4,128,1,2,278,Microsoft Windows Server 2012 (64-bit)
dca-pro1502,poweredOn,4,128,1,2,278,Microsoft Windows Server 2012 (64-bit)
dca-pro1503,poweredOn,4,128,1,2,278,Microsoft Windows Server 2012 (64-bit)
dca-pro1504,poweredOn,4,128,1,2,278,Microsoft Windows Server 2012 (64-bit)
dca-pro1505,poweredOn,4,32,1,6,"1,910",Microsoft Windows Server 2012 (64-bit)
dca-pro1506,poweredOn,4,32,1,6,"1,386",Microsoft Windows Server 2012 (64-bit)
dca-pro1507,poweredOn,4,32,1,6,"1,386",Microsoft Windows Server 2012 (64-bit)
dca-pro1508,poweredOn,4,32,1,6,"1,386",Microsoft Windows Server 2012 (64-bit)
dca-pro1509,poweredOn,4,32,1,6,"1,386",Microsoft Windows Server 2012 (64-bit)
dca-pro1512,poweredOn,4,8,1,6,368,Microsoft Windows Server 2012 (64-bit)
dca-pro1513,poweredOn,2,8,1,2,258,Microsoft Windows Server 2012 (64-bit)
dca-pro1514,poweredOn,2,8,1,2,258,Microsoft Windows Server 2012 (64-bit)
dca-pro1515,poweredOn,2,16,1,2,266,Microsoft Windows Server 2012 (64-bit)
dca-pro1516,poweredOn,2,16,1,2,258,Microsoft Windows Server 2012 (64-bit)
dca-pro1517,poweredOn,2,8,1,2,258,Microsoft Windows Server 2012 (64-bit)
dca-pro1518,poweredOn,2,8,1,2,258,Microsoft Windows Server 2012 (64-bit)
dca-pro1519,poweredOn,4,16,1,2,266,Microsoft Windows Server 2012 (64-bit)
dca-pro1520,poweredOn,2,8,1,2,258,Microsoft Windows Server 2012 (64-bit)
dca-pro1523,poweredOn,8,8,1,2,108,Microsoft Windows Server 2012 (64-bit)
dca-pro1524,poweredOn,8,8,1,2,108,Microsoft Windows Server 2012 (64-bit)
dca-pro1527,poweredOn,12,64,1,4,499,Microsoft Windows Server 2012 (64-bit)
dca-pro1528,poweredOn,12,64,1,4,499,Microsoft Windows Server 2012 (64-bit)
dca-pro1529,poweredOn,12,48,1,2,223,Microsoft Windows Server 2012 (64-bit)
dca-pro1530,poweredOn,12,48,1,2,223,Microsoft Windows Server 2012 (64-bit)
dca-pro1531,poweredOn,12,32,1,2,207,Microsoft Windows Server 2012 (64-bit)
dca-pro1532,poweredOn,12,32,1,2,207,Microsoft Windows Server 2012 (64-bit)
dca-pro1533,poweredOn,2,8,1,2,168,Microsoft Windows Server 2012 (64-bit)
dca-pro1534,poweredOn,4,8,1,2,408,Microsoft Windows Server 2012 (64-bit)
dca-pro1544,poweredOn,8,32,1,2,282,Microsoft Windows Server 2012 (64-bit)
dca-pro1545,poweredOn,2,8,1,6,308,Microsoft Windows Server 2012 (64-bit)
dca-pro1547,poweredOn,8,16,1,2,166,Microsoft Windows Server 2012 (64-bit)
dca-pro1548,poweredOn,8,16,1,2,166,Microsoft Windows Server 2012 (64-bit)
dca-pro1549,poweredOn,2,8,1,2,258,Microsoft Windows Server 2012 (64-bit)
dca-pro1550,poweredOn,2,4,1,2,204,Microsoft Windows Server 2012 (64-bit)
dca-pro1556,poweredOn,4,16,1,2,266,Microsoft Windows Server 2012 (64-bit)
dca-pro1557,poweredOn,2,8,1,2,108,Microsoft Windows Server 2012 (64-bit)
dca-pro1558,poweredOn,8,128,1,2,348,Microsoft Windows Server 2008 R2 (64-bit)
dca-pro1559,poweredOn,8,128,1,2,348,Microsoft Windows Server 2008 R2 (64-bit)
dca-pro1563,poweredOn,2,4,1,2,104,Microsoft Windows Server 2012 (64-bit)
dca-pro172,poweredOn,2,1,2,3,154,Microsoft Windows 2000
dca-pro210,poweredOn,2,4,2,2,154,Microsoft Windows Server 2003 (32-bit)
dca-pro211,poweredOn,2,4,2,3,136,Microsoft Windows Server 2003 (32-bit)
dca-pro401,poweredOn,2,16,1,2,166,Microsoft Windows Server 2012 (64-bit)
dca-pro402,poweredOn,2,8,1,2,158,Microsoft Windows Server 2012 (64-bit)
dca-pro403,poweredOn,2,16,1,2,166,Microsoft Windows Server 2012 (64-bit)
dca-pro404,poweredOn,2,16,1,2,166,Microsoft Windows Server 2012 (64-bit)
dca-pro405,poweredOn,2,16,1,2,166,Microsoft Windows Server 2012 (64-bit)
dca-pro406,poweredOn,2,8,1,2,158,Microsoft Windows Server 2012 (64-bit)
dca-pro413,poweredOn,2,16,1,2,166,Microsoft Windows Server 2012 (64-bit)
dca-pro414,poweredOn,2,8,1,2,158,Microsoft Windows Server 2012 (64-bit)
dca-pro415,poweredOn,2,8,1,2,158,Microsoft Windows Server 2012 (64-bit)
dca-pro416,poweredOn,2,8,1,2,158,Microsoft Windows Server 2012 (64-bit)
dca-pro417,poweredOn,2,8,1,2,158,Microsoft Windows Server 2012 (64-bit)
dca-pro418,poweredOn,2,8,1,2,158,Microsoft Windows Server 2012 (64-bit)
dca-pro419,poweredOn,2,8,1,2,158,Microsoft Windows Server 2012 (64-bit)
dca-pro420,poweredOn,2,8,1,2,158,Microsoft Windows Server 2012 (64-bit)
dca-pro421,poweredOn,2,16,1,2,166,Microsoft Windows Server 2012 (64-bit)
dca-pro422,poweredOn,2,16,1,2,166,Microsoft Windows Server 2012 (64-bit)
dca-pro423,poweredOn,2,8,1,2,158,Microsoft Windows Server 2012 (64-bit)
dca-pro430,poweredOn,2,8,1,2,158,Microsoft Windows Server 2012 (64-bit)
dca-pro431,poweredOn,2,8,1,2,158,Microsoft Windows Server 2012 (64-bit)
dca-pro445,poweredOn,8,24,2,2,134,Microsoft Windows Server 2008 R2 (64-bit)
dca-pro446,poweredOn,8,24,2,2,134,Microsoft Windows Server 2008 R2 (64-bit)
dca-pro447,poweredOn,8,24,2,2,134,Microsoft Windows Server 2008 R2 (64-bit)
dca-pro452,poweredOn,8,24,2,2,134,Microsoft Windows Server 2008 R2 (64-bit)
dca-pro453,poweredOn,8,24,2,2,134,Microsoft Windows Server 2008 R2 (64-bit)
dca-pro454,poweredOn,8,24,2,2,134,Microsoft Windows Server 2008 R2 (64-bit)
dca-pro455,poweredOn,8,24,2,2,134,Microsoft Windows Server 2008 R2 (64-bit)
dca-pro456,poweredOn,8,24,2,2,134,Microsoft Windows Server 2008 R2 (64-bit)
dca-pro457,poweredOn,8,24,2,2,134,Microsoft Windows Server 2008 R2 (64-bit)
dca-pro458,poweredOn,6,24,2,4,"3,535",Microsoft Windows Server 2008 R2 (64-bit)
dca-pro459,poweredOn,8,24,2,2,174,Microsoft Windows Server 2008 R2 (64-bit)
dca-pro460,poweredOn,8,24,2,2,134,Microsoft Windows Server 2008 R2 (64-bit)
dca-pro461,poweredOn,8,24,2,2,134,Microsoft Windows Server 2008 R2 (64-bit)
dca-pro462,poweredOn,8,24,2,2,134,Microsoft Windows Server 2008 R2 (64-bit)
dca-pro463,poweredOn,8,24,2,2,134,Microsoft Windows Server 2008 R2 (64-bit)
dca-pro464,poweredOn,8,24,2,2,134,Microsoft Windows Server 2008 R2 (64-bit)
dca-pro465,poweredOn,8,24,2,2,134,Microsoft Windows Server 2008 R2 (64-bit)
dca-pro5012,poweredOn,2,8,1,6,318,Microsoft Windows Server 2012 (64-bit)
dca-pro5014,poweredOn,2,8,1,6,298,Microsoft Windows Server 2012 (64-bit)
dca-pro5016,poweredOn,4,16,1,6,286,Microsoft Windows Server 2012 (64-bit)
dca-pro5070,poweredOn,1,4,1,2,64,Microsoft Windows Server 2012 (64-bit)
dca-pro510,poweredOff,1,4,0,0,5,Microsoft Windows Server 2008 R2 (64-bit)
dca-pro511,poweredOff,1,4,0,0,5,
dca-pro512,poweredOff,1,4,0,0,5,Microsoft Windows 7 (64-bit)
dca-pro513,poweredOff,1,4,0,0,5,
dca-pro518,poweredOn,2,4,1,2,104,Microsoft Windows XP Professional (32-bit)
dca-pro600,poweredOn,8,12,2,2,192,Microsoft Windows Server 2008 R2 (64-bit)
dca-pro601,poweredOn,8,16,2,6,961,Microsoft Windows Server 2008 R2 (64-bit)
dca-pro610,poweredOn,2,4,2,2,135,Microsoft Windows Server 2003 (32-bit)
dca-pro612,poweredOn,2,6,2,6,516,Microsoft Windows Server 2008 R2 (64-bit)
dca-pro613,poweredOn,2,6,2,6,"1,416",Microsoft Windows Server 2008 R2 (64-bit)
dca-pro615,poweredOn,2,6,2,2,96,Microsoft Windows Server 2008 R2 (64-bit)
dca-pro617,poweredOn,4,8,2,3,74,Microsoft Windows Server 2003 (32-bit)
dca-pro622,poweredOn,2,4,2,5,234,Microsoft Windows Server 2003 (32-bit)
dca-pro630,poweredOn,2,4,2,2,115,Microsoft Windows Server 2003 (32-bit)
dca-pro631,poweredOff,2,4,2,2,215,Microsoft Windows Server 2003 (32-bit)
dca-pro633,poweredOn,4,8,3,2,138,Microsoft Windows Server 2008 R2 (64-bit)
dca-pro635,poweredOff,2,2,2,2,73,Microsoft Windows Server 2003 (32-bit)
dca-pro636,poweredOff,2,2,2,2,73,Microsoft Windows Server 2003 (32-bit)
dca-pro641,poweredOn,1,4,2,2,554,Microsoft Windows Server 2008 R2 (64-bit)
dca-pro643,poweredOn,2,2,2,2,98,Microsoft Windows Server 2003 (32-bit)
dca-pro645,poweredOn,1,4,2,2,754,Microsoft Windows Server 2008 R2 (64-bit)
dca-pro648,poweredOn,1,4,2,2,104,Microsoft Windows Server 2008 R2 (64-bit)
dca-pro654,poweredOn,24,16,2,2,211,Microsoft Windows Server 2008 R2 (64-bit)
dca-pro655,poweredOn,24,16,2,2,211,Microsoft Windows Server 2008 R2 (64-bit)
dca-pro665,poweredOn,2,4,2,2,215,Microsoft Windows Server 2003 (32-bit)
dca-pro667,poweredOn,2,2,2,2,153,Microsoft Windows Server 2003 (32-bit)
dca-pro670,poweredOn,2,2,2,2,88,Microsoft Windows Server 2003 (32-bit)
dca-pro671,poweredOn,2,4,2,3,102,Microsoft Windows Server 2008 (32-bit)
dca-pro672,poweredOn,2,12,2,4,"1,487",Microsoft Windows Server 2008 R2 (64-bit)
dca-pro677,poweredOff,2,4,2,6,159,
dca-pro679,poweredOn,1,4,2,2,74,Microsoft Windows Server 2008 R2 (64-bit)
dca-pro680,poweredOn,1,4,2,2,74,Microsoft Windows Server 2008 R2 (64-bit)
dca-pro684,poweredOn,4,4,2,2,74,Microsoft Windows Server 2012 (64-bit)
dca-pro685,poweredOn,4,16,1,3,571,Microsoft Windows Server 2003 (32-bit)
dca-pro690,poweredOn,1,1,2,5,101,Microsoft Windows Server 2003 (32-bit)
dca-pro693,poweredOn,2,4,3,3,79,Microsoft Windows Server 2003 (32-bit)
dca-pro693-A,poweredOn,2,4,1,2,204,Microsoft Windows Server 2012 (64-bit)
dca-pro695,poweredOn,1,2,1,1,52,Microsoft Windows Server 2012 (64-bit)
dca-pro695-OLD,poweredOff,1,2,2,2,73,Microsoft Windows Server 2003 (32-bit)
dca-pro697,poweredOn,2,2,2,2,83,Microsoft Windows Server 2003 (32-bit)
dca-pro698,poweredOn,2,6,2,2,57,Microsoft Windows Server 2003 (32-bit)
dca-pro702,poweredOn,1,8,2,3,528,Microsoft Windows Server 2008 R2 (64-bit)
dca-pro704,poweredOff,2,4,2,2,125,
dca-pro707,poweredOff,2,4,2,2,85,Microsoft Windows Server 2003 (32-bit)
dca-pro716,poweredOn,2,2,2,2,33,Microsoft Windows Server 2003 (32-bit)
dca-pro718,poweredOn,2,4,2,2,254,Microsoft Windows Server 2008 R2 (64-bit)
dca-pro720,poweredOn,1,4,2,2,64,Microsoft Windows Server 2008 R2 (64-bit)
dca-pro722,poweredOn,2,4,2,2,285,Microsoft Windows Server 2003 (32-bit)
dca-pro723,poweredOn,2,4,2,2,131,Microsoft Windows Server 2003 (32-bit)
dca-pro724,poweredOn,2,4,2,2,75,Microsoft Windows Server 2003 (32-bit)
dca-pro726,poweredOn,2,8,2,2,159,Microsoft Windows Server 2003 (64-bit)
dca-pro727,poweredOn,2,8,2,2,139,Microsoft Windows Server 2003 (64-bit)
dca-pro728,poweredOff,4,12,1,2,613,
dca-pro731,poweredOn,1,4,2,2,84,Microsoft Windows Server 2008 (32-bit)
dca-pro733,poweredOn,2,16,2,2,277,Microsoft Windows Server 2003 (64-bit)
dca-pro734,poweredOn,2,16,2,2,207,Microsoft Windows Server 2003 (64-bit)
dca-pro735,poweredOn,1,8,2,2,258,Microsoft Windows Server 2008 R2 (64-bit)
dca-pro741,poweredOn,4,12,2,2,182,Microsoft Windows Server 2008 R2 (64-bit)
dca-pro742,poweredOn,4,12,2,4,887,Microsoft Windows Server 2008 R2 (64-bit)
dca-pro744,poweredOn,4,32,2,2,482,Microsoft Windows Server 2008 R2 (64-bit)
dca-pro746,poweredOn,4,8,2,2,128,Microsoft Windows Server 2008 R2 (64-bit)
dca-pro747,poweredOn,4,16,2,2,176,Microsoft Windows Server 2008 R2 (64-bit)
dca-pro748,poweredOn,2,8,2,2,108,Microsoft Windows Server 2008 R2 (64-bit)
dca-pro749,poweredOn,2,8,2,2,88,Microsoft Windows Server 2008 R2 (64-bit)
dca-pro752,poweredOn,1,4,2,2,64,Microsoft Windows Server 2008 R2 (64-bit)
dca-pro753,poweredOn,4,4,2,2,74,Microsoft Windows Server 2008 R2 (64-bit)
dca-pro754,poweredOn,4,4,2,2,74,Microsoft Windows Server 2008 (32-bit)
dca-pro755,poweredOn,2,8,2,4,258,Microsoft Windows Server 2008 R2 (64-bit)
dca-pro757,poweredOn,4,8,2,2,208,Microsoft Windows Server 2008 R2 (64-bit)
dca-pro758,poweredOn,4,20,1,5,620,Microsoft Windows Server 2008 R2 (64-bit)
dca-pro762,poweredOn,4,16,2,2,116,Microsoft Windows Server 2008 R2 (64-bit)
dca-pro763,poweredOn,6,16,2,4,"2,016",Microsoft Windows Server 2008 R2 (64-bit)
dca-pro764,poweredOn,6,16,2,3,"2,114",Microsoft Windows Server 2008 R2 (64-bit)
dca-pro765,poweredOn,4,16,2,2,291,Microsoft Windows Server 2008 R2 (64-bit)
dca-pro767,poweredOn,4,16,2,4,"2,900",Microsoft Windows Server 2008 R2 (64-bit)
dca-pro768,poweredOn,4,16,2,4,"2,540",Microsoft Windows Server 2008 R2 (64-bit)
dca-pro769,poweredOn,4,16,2,4,"2,490",Microsoft Windows Server 2008 R2 (64-bit)
dca-pro770,poweredOn,4,16,2,4,"2,540",Microsoft Windows Server 2008 R2 (64-bit)
dca-pro771,poweredOn,4,16,2,4,"2,590",Microsoft Windows Server 2008 R2 (64-bit)
dca-pro772,poweredOn,4,16,2,4,"2,510",Microsoft Windows Server 2008 R2 (64-bit)
dca-pro773,poweredOn,4,16,2,4,"2,807",Microsoft Windows Server 2008 R2 (64-bit)
dca-pro774,poweredOff,1,4,2,2,304,
dca-pro775,poweredOn,1,4,2,2,234,Microsoft Windows Server 2008 R2 (64-bit)
dca-pro776,poweredOn,1,4,2,2,134,Microsoft Windows Server 2008 R2 (64-bit)
dca-pro781,poweredOn,4,12,2,2,192,Microsoft Windows Server 2008 R2 (64-bit)
dca-pro785,poweredOn,4,4,3,2,264,Microsoft Windows Server 2008 R2 (64-bit)
dca-pro786,poweredOn,4,4,3,2,264,Microsoft Windows Server 2008 R2 (64-bit)
dca-pro791,poweredOn,2,4,2,2,159,Microsoft Windows Server 2008 R2 (64-bit)
dca-pro793,poweredOn,1,4,2,3,153,Microsoft Windows Server 2008 R2 (64-bit)
dca-pro794,poweredOn,1,4,2,2,104,Microsoft Windows Server 2008 R2 (64-bit)
dca-pro795,poweredOn,2,4,2,2,104,Microsoft Windows Server 2008 R2 (64-bit)
dca-pro798,poweredOn,2,8,2,2,158,Microsoft Windows Server 2008 R2 (64-bit)
dca-pro799,poweredOn,4,24,2,2,444,Microsoft Windows Server 2008 R2 (64-bit)
dca-pro800,poweredOn,2,2,2,2,73,Microsoft Windows Server 2003 (32-bit)
dca-pro801,poweredOn,1,4,2,3,204,Microsoft Windows Server 2003 (32-bit)
dca-pro802,poweredOn,2,6,2,3,"1,685",Microsoft Windows Server 2008 R2 (64-bit)
dca-pro803,poweredOn,1,4,2,2,70,Microsoft Windows Server 2003 (32-bit)
dca-pro805,poweredOff,2,4,2,2,55,Microsoft Windows Server 2003 Standard (32-bit)
dca-pro809,poweredOn,4,8,2,2,249,Microsoft Windows Server 2003 (32-bit)
dca-pro811,poweredOn,2,2,2,2,73,Microsoft Windows Server 2003 (32-bit)
dca-pro813,poweredOn,2,2,2,2,73,Microsoft Windows Server 2003 (32-bit)
dca-pro814,poweredOn,2,4,2,2,134,Microsoft Windows Server 2003 (32-bit)
dca-pro814-a,poweredOn,2,4,1,2,204,Microsoft Windows Server 2012 (64-bit)
dca-pro815,poweredOn,2,4,2,2,155,Microsoft Windows Server 2003 (32-bit)
dca-pro815-a,poweredOn,2,4,1,2,104,Microsoft Windows Server 2012 (64-bit)
dca-pro817,poweredOn,2,4,2,2,85,Microsoft Windows Server 2003 (32-bit)
dca-pro818,poweredOn,2,2,2,2,53,Microsoft Windows Server 2003 (32-bit)
dca-pro827,poweredOn,2,2,2,2,208,Microsoft Windows Server 2003 (32-bit)
dca-pro828,poweredOn,2,10,2,2,90,Microsoft Windows Server 2003 (32-bit)
dca-pro829,poweredOn,2,10,2,2,120,Microsoft Windows Server 2003 (32-bit)
dca-pro833,poweredOn,2,2,2,2,273,Microsoft Windows Server 2003 (32-bit)
dca-pro834,poweredOn,2,2,2,2,53,Microsoft Windows Server 2003 (32-bit)
dca-pro837,poweredOff,2,4,2,2,64,Microsoft Windows Server 2003 (32-bit)
dca-pro838,poweredOn,4,16,2,2,126,Microsoft Windows Server 2008 R2 (64-bit)
dca-pro839,poweredOn,2,2,2,2,102,Microsoft Windows Server 2003 (32-bit)
dca-pro861,poweredOn,3,12,2,2,112,Microsoft Windows Server 2008 R2 (64-bit)
dca-pro862,poweredOn,1,4,2,2,104,Microsoft Windows Server 2008 R2 (64-bit)
dca-pro866,poweredOn,2,8,2,2,158,Microsoft Windows Server 2008 R2 (64-bit)
dca-pro867,poweredOn,2,8,2,2,158,Microsoft Windows Server 2008 R2 (64-bit)
dca-pro870,poweredOn,1,4,2,2,134,Microsoft Windows Server 2008 R2 (64-bit)
dca-pro872,poweredOn,2,8,2,2,108,Microsoft Windows Server 2008 R2 (64-bit)
dca-pro873,poweredOn,4,16,2,4,"2,500",Microsoft Windows Server 2008 R2 (64-bit)
dca-pro874,poweredOn,2,12,2,2,312,Microsoft Windows Server 2008 R2 (64-bit)
dca-pro875,poweredOn,2,8,2,3,458,Microsoft Windows Server 2008 R2 (64-bit)
dca-pro876,poweredOn,2,4,2,2,94,Microsoft Windows Server 2008 R2 (64-bit)
dca-pro877,poweredOn,2,8,2,2,288,Microsoft Windows Server 2008 R2 (64-bit)
dca-pro884,poweredOn,2,8,2,2,288,Microsoft Windows Server 2008 R2 (64-bit)
dca-pro887,poweredOn,2,4,2,2,94,Microsoft Windows Server 2008 R2 (64-bit)
dca-pro888,poweredOn,2,4,2,2,94,Microsoft Windows Server 2008 R2 (64-bit)
dca-pro889,poweredOn,2,4,2,2,94,Microsoft Windows Server 2008 R2 (64-bit)
dca-pro890,poweredOn,2,4,2,2,94,Microsoft Windows Server 2008 R2 (64-bit)
dca-pro902,poweredOn,2,8,2,2,448,Microsoft Windows Server 2008 R2 (64-bit)
dca-pro903,poweredOn,1,4,2,2,74,Microsoft Windows Server 2008 R2 (64-bit)
dca-pro905,poweredOn,1,6,2,2,76,Microsoft Windows Server 2008 R2 (64-bit)
dca-pro906,poweredOn,4,8,2,2,158,Microsoft Windows Server 2008 R2 (64-bit)
dca-pro907,poweredOn,4,8,2,2,158,Microsoft Windows Server 2008 R2 (64-bit)
dca-pro908,poweredOn,4,8,2,2,158,Microsoft Windows Server 2008 R2 (64-bit)
dca-pro909,poweredOn,4,8,2,2,158,Microsoft Windows Server 2008 R2 (64-bit)
dca-pro910,poweredOn,2,10,2,6,455,Microsoft Windows Server 2008 R2 (64-bit)
dca-pro913,poweredOn,2,6,2,6,336,Microsoft Windows Server 2008 R2 (64-bit)
dca-pro914,poweredOn,2,8,2,2,88,Microsoft Windows Server 2008 R2 (64-bit)
dca-pro916,poweredOn,2,6,2,6,426,Microsoft Windows Server 2008 R2 (64-bit)
dca-pro918,poweredOn,2,8,2,2,158,Microsoft Windows Server 2008 R2 (64-bit)
dca-pro930,poweredOn,4,8,2,2,408,Microsoft Windows Server 2008 R2 (64-bit)
dca-pro931,poweredOn,2,12,2,6,432,Microsoft Windows Server 2008 R2 (64-bit)
dca-pro932,poweredOn,4,24,2,6,"1,269",Microsoft Windows Server 2008 R2 (64-bit)
dca-pro935,poweredOn,2,6,2,6,451,Microsoft Windows Server 2008 R2 (64-bit)
dca-pro937,poweredOn,2,8,2,2,158,Microsoft Windows Server 2008 R2 (64-bit)
dca-pro938,poweredOn,2,4,2,2,104,Microsoft Windows Server 2008 R2 (64-bit)
dca-pro940,poweredOn,4,32,2,3,"1,042",Microsoft Windows Server 2008 R2 (64-bit)
dca-pro941,poweredOn,4,24,2,2,324,Microsoft Windows Server 2008 R2 (64-bit)
dca-pro943,poweredOn,2,4,2,2,354,Microsoft Windows Server 2008 R2 (64-bit)
dca-pro945,poweredOn,2,4,2,2,94,Microsoft Windows Server 2008 R2 (64-bit)
dca-pro948,poweredOn,4,8,2,2,128,Microsoft Windows Server 2008 R2 (64-bit)
dca-pro950,poweredOn,8,32,2,8,232,Microsoft Windows Server 2008 R2 (64-bit)
dca-pro951,poweredOn,2,4,2,2,104,Microsoft Windows Server 2008 R2 (64-bit)
dca-pro952,poweredOn,2,4,2,2,104,Microsoft Windows Server 2008 R2 (64-bit)
dca-pro953,poweredOn,2,4,2,8,104,Microsoft Windows Server 2008 R2 (64-bit)
dca-pro954,poweredOn,2,20,2,6,685,Microsoft Windows Server 2008 R2 (64-bit)
dca-pro976,poweredOn,2,6,2,6,426,Microsoft Windows Server 2008 R2 (64-bit)
dca-pro979,poweredOn,2,12,2,2,172,Microsoft Windows Server 2008 R2 (64-bit)
dca-pro980,poweredOn,6,8,2,2,108,Microsoft Windows Server 2008 R2 (64-bit)
dca-pro981,poweredOn,6,8,2,2,128,Microsoft Windows Server 2008 R2 (64-bit)
dca-pro982,poweredOn,2,4,2,1,54,Microsoft Windows Server 2008 R2 (64-bit)
dca-pro983,poweredOn,8,63,2,4,448,Microsoft Windows Server 2008 R2 (64-bit)
dca-pro984,poweredOn,8,63,2,4,448,Microsoft Windows Server 2008 R2 (64-bit)
dca-pro991,poweredOn,2,8,2,2,78,Microsoft Windows Server 2008 R2 (64-bit)
dca-pro993,poweredOn,2,6,2,8,"1,376",Microsoft Windows Server 2008 R2 (64-bit)
dca-pro994,poweredOn,4,24,2,2,324,Microsoft Windows Server 2008 R2 (64-bit)
dca-pro996,poweredOn,1,4,2,2,64,Microsoft Windows Server 2008 R2 (64-bit)
dca-pro997,poweredOn,4,12,2,2,562,Microsoft Windows Server 2008 R2 (64-bit)
dca-pro998,poweredOn,4,12,2,2,582,Microsoft Windows Server 2008 R2 (64-bit)
dca-pro999,poweredOn,2,8,2,2,"1,058",Microsoft Windows Server 2008 R2 (64-bit)
dca-tst1016,poweredOn,2,6,2,2,76,Microsoft Windows Server 2008 R2 (64-bit)
dca-tst1019,poweredOn,1,16,2,2,86,Microsoft Windows Server 2008 R2 (64-bit)
dca-tst1035,poweredOn,4,8,2,2,98,Microsoft Windows Server 2008 R2 (64-bit)
dca-tst1036,poweredOn,4,8,2,5,318,Microsoft Windows Server 2008 R2 (64-bit)
dca-tst1037,poweredOn,4,8,2,2,108,Microsoft Windows Server 2008 R2 (64-bit)
dca-tst1038,poweredOn,4,8,2,2,108,Microsoft Windows Server 2008 R2 (64-bit)
dca-tst1100,poweredOn,2,4,2,2,456,Microsoft Windows Server 2008 R2 (64-bit)
dca-tst1101,poweredOn,2,4,2,2,494,Microsoft Windows Server 2008 R2 (64-bit)
dca-tst1162,poweredOn,1,4,2,2,74,Microsoft Windows Server 2008 R2 (64-bit)
dca-tst1259,poweredOn,2,8,1,2,119,Microsoft Windows Server 2012 (64-bit)
dca-tst1261,poweredOn,4,32,1,2,632,Microsoft Windows Server 2012 (64-bit)
dca-tst1263,poweredOn,4,16,1,6,386,Microsoft Windows Server 2012 (64-bit)
dca-tst1264,poweredOn,4,16,1,6,286,Microsoft Windows Server 2012 (64-bit)
dca-tst1269,poweredOn,2,8,1,2,108,Microsoft Windows Server 2012 (64-bit)
dca-tst1272,poweredOn,2,8,1,2,108,Microsoft Windows Server 2012 (64-bit)
dca-tst1276,poweredOn,2,8,1,2,108,Microsoft Windows Server 2012 (64-bit)
dca-tst1277,poweredOn,4,32,1,2,582,Microsoft Windows Server 2012 (64-bit)
dca-tst1322,poweredOn,4,8,1,2,113,Microsoft Windows Server 2012 (64-bit)
dca-tst1374,poweredOn,1,16,1,2,116,Microsoft Windows Server 2012 (64-bit)
dca-tst1384,poweredOn,2,8,1,2,158,Microsoft Windows Server 2012 (64-bit)
dca-tst1401,poweredOff,16,32,1,2,182,
dca-tst1402,poweredOff,16,32,1,2,182,Microsoft Windows Server 2012 (64-bit)
dca-tst1407,poweredOn,1,16,1,2,166,Microsoft Windows Server 2012 (64-bit)
dca-tst1414,poweredOn,2,4,1,2,254,Microsoft Windows Server 2012 (64-bit)
dca-tst1426,poweredOn,1,8,1,2,143,Microsoft Windows Server 2012 (64-bit)
dca-tst1428,poweredOn,2,8,2,2,108,Microsoft Windows Server 2008 R2 (64-bit)
dca-tst1441,poweredOn,2,8,1,2,88,Microsoft Windows Server 2012 (64-bit)
dca-tst1442,poweredOn,4,16,1,6,"2,396",Microsoft Windows Server 2012 (64-bit)
dca-tst1443,poweredOn,2,24,1,6,"1,788",Microsoft Windows Server 2012 (64-bit)
dca-tst1450,poweredOn,2,4,1,2,74,Microsoft Windows Server 2012 (64-bit)
dca-tst1453,poweredOn,4,16,1,2,166,Microsoft Windows Server 2012 (64-bit)
dca-tst1472,poweredOn,4,16,1,2,166,Microsoft Windows Server 2012 (64-bit)
dca-tst1473,poweredOn,2,8,1,2,88,Microsoft Windows Server 2012 (64-bit)
dca-tst1490,poweredOn,4,32,1,2,132,Microsoft Windows Server 2012 (64-bit)
dca-tst1491,poweredOn,4,16,1,6,306,Microsoft Windows Server 2012 (64-bit)
dca-tst1533,poweredOn,2,8,1,2,108,Microsoft Windows Server 2012 (64-bit)
dca-tst1546,poweredOn,8,32,1,3,282,Microsoft Windows Server 2012 (64-bit)
dca-tst1547,poweredOn,8,8,1,2,158,Microsoft Windows Server 2012 (64-bit)
dca-tst1548,poweredOn,4,8,1,2,158,Microsoft Windows Server 2012 (64-bit)
dca-tst1549,poweredOn,8,8,1,2,158,Microsoft Windows Server 2012 (64-bit)
dca-tst1561,poweredOn,2,4,1,2,104,Microsoft Windows Server 2012 (64-bit)
dca-tst1562,poweredOn,2,4,1,2,129,Microsoft Windows Server 2012 (64-bit)
dca-tst1700,poweredOff,1,4,2,1,113,
dca-tst1701,poweredOff,1,4,1,1,115,
dca-tst5001,poweredOn,1,4,1,1,54,Microsoft Windows Server 2012 (64-bit)
dca-tst5003,poweredOn,1,4,1,1,54,Microsoft Windows Server 2012 (64-bit)
dca-tst5053,poweredOn,1,4,1,1,54,Microsoft Windows Server 2012 (64-bit)
dca-tst5054,poweredOn,1,4,1,1,54,Microsoft Windows Server 2012 (64-bit)
dca-tst5062,poweredOn,1,4,1,2,64,Microsoft Windows Server 2012 (64-bit)
dca-tst5063,poweredOn,1,4,1,2,64,Microsoft Windows Server 2012 (64-bit)
dca-tst5069,poweredOn,1,4,1,2,64,Microsoft Windows Server 2012 (64-bit)
dca-tst5084,poweredOn,2,8,1,2,158,Microsoft Windows Server 2012 (64-bit)
dca-tst5085,poweredOn,2,8,1,2,158,Microsoft Windows Server 2012 (64-bit)
dca-tst5086,poweredOn,2,8,1,2,158,Microsoft Windows Server 2012 (64-bit)
dca-tst5087,poweredOn,2,8,1,2,158,Microsoft Windows Server 2012 (64-bit)
dca-tst5088,poweredOn,2,8,1,2,158,Microsoft Windows Server 2012 (64-bit)
dca-tst5090,poweredOn,2,8,1,2,258,Microsoft Windows Server 2012 (64-bit)
dca-tst510,poweredOn,1,4,2,2,124,Microsoft Windows Server 2008 R2 (64-bit)
dca-tst511,poweredOn,1,4,2,2,104,Microsoft Windows 7 (64-bit)
dca-tst512,poweredOn,1,4,2,2,104,Microsoft Windows 7 (64-bit)
dca-tst513,poweredOn,1,4,2,2,104,Microsoft Windows 7 (64-bit)
dca-tst631,poweredOff,2,1,2,2,142,
dca-tst665,poweredOn,2,1,2,2,62,Microsoft Windows Server 2003 (32-bit)
dca-tst667,poweredOn,2,2,2,2,82,Microsoft Windows Server 2003 (32-bit)
dca-tst669,poweredOff,2,2,2,2,103,
dca-tst680,poweredOn,1,4,2,2,74,Microsoft Windows Server 2008 R2 (64-bit)
dca-tst715,poweredOn,2,8,1,2,158,Microsoft Windows Server 2012 (64-bit)
dca-tst715(Do not power on),poweredOff,2,8,2,2,158,
dca-tst723,poweredOff,1,4,2,2,95,Microsoft Windows Server 2003 (32-bit)
dca-tst730,poweredOn,1,8,2,2,184,Microsoft Windows Server 2003 (64-bit)
dca-tst736,poweredOn,1,4,2,2,104,Microsoft Windows Server 2008 R2 (64-bit)
dca-tst740,poweredOn,1,4,2,2,84,Microsoft Windows Server 2008 (32-bit)
dca-tst753,poweredOn,2,4,2,2,64,Microsoft Windows Server 2008 R2 (64-bit)
dca-tst754,poweredOn,1,4,2,2,64,Microsoft Windows Server 2008 (32-bit)
dca-tst795,poweredOn,2,4,2,2,104,Microsoft Windows Server 2008 R2 (64-bit)
dca-tst813,poweredOn,2,4,2,2,64,Microsoft Windows Server 2008 R2 (64-bit)
dca-tst836,poweredOff,2,4,2,2,84,Microsoft Windows Server 2003 Standard (32-bit)
dca-tst837,poweredOff,2,4,2,2,84,Microsoft Windows Server 2003 Standard (32-bit)
dca-tst841,poweredOn,2,8,1,2,158,Microsoft Windows Server 2012 (64-bit)
dca-tst841(Do not power on),poweredOff,2,8,2,2,158,Microsoft Windows Server 2008 R2 (64-bit)
dca-tst875,poweredOn,2,8,2,2,483,Microsoft Windows Server 2008 R2 (64-bit)
dca-tst904,poweredOn,1,4,2,2,249,Microsoft Windows Server 2008 R2 (64-bit)
dca-tst933,poweredOn,4,12,2,2,192,Microsoft Windows Server 2008 R2 (64-bit)
dca-tst934,poweredOn,4,12,2,2,162,Microsoft Windows Server 2008 R2 (64-bit)
dca-tst938,poweredOn,2,4,2,2,104,Microsoft Windows Server 2008 R2 (64-bit)
dca-tst948,poweredOn,4,8,2,2,78,Microsoft Windows Server 2008 R2 (64-bit)
dca-tst979,poweredOn,2,12,2,2,162,Microsoft Windows Server 2008 R2 (64-bit)
dca-tst-w1234,poweredOff,1,4,1,1,54,Microsoft Windows Server 2012 (64-bit)
dca-tst-w1235,poweredOn,1,4,1,1,54,Microsoft Windows Server 2016 (64-bit)
DDC-avproxy01,poweredOn,4,4,1,2,25,
DDC-avproxy02,poweredOn,4,4,1,2,25,
DDC-avproxy03,poweredOn,4,4,1,3,95,
DDC-avproxy04,poweredOn,4,4,1,2,25,
DDC-avproxy05,poweredOn,4,4,1,2,25,
DDC-avproxy06,poweredOn,4,4,1,2,25,
DDC-avproxy07,poweredOn,4,4,1,2,25,
DDC-avproxy08,poweredOn,4,4,1,2,25,
DDC-avproxy09,poweredOn,4,4,1,2,25,
DDC-avproxy10,poweredOn,4,4,1,2,25,
DDC-avproxy11,poweredOn,4,4,1,2,25,
DDC-avproxy12,poweredOn,4,4,1,2,25,
DDC-avproxy13,poweredOn,4,4,1,2,25,
DDC-avproxy14,poweredOn,4,4,1,2,25,
DDC-avproxy15,poweredOn,4,4,1,2,25,
DDC-avproxy16,poweredOn,4,4,1,2,25,
DDC-avproxy18,poweredOn,4,4,1,2,25,
DDC-avproxy19,poweredOn,4,4,1,2,25,
DDC-OpenManage_Integration.i686-2.0.0,poweredOn,2,4,1,1,39,
ddc-pci-vcenter,poweredOn,4,16,1,13,336,Other 3.x or later Linux (64-bit)
ddvaes01,poweredOn,1,4,3,1,30,Red Hat Enterprise Linux 7 (64-bit)
dell-omi-ddc,poweredOn,2,8,1,1,43,CentOS 4/5/6/7 (64-bit)
dpa-app,poweredOn,4,16,1,3,101,Red Hat Enterprise Linux 7 (64-bit)
dpac1,poweredOn,4,24,1,1,74,Microsoft Windows Server 2012 (64-bit)
dpa-db,poweredOn,4,16,1,3,101,Red Hat Enterprise Linux 7 (64-bit)
dpdmzpcitest01,poweredOn,8,8,4,2,40,
DTEHIS1,poweredOff,2,4,2,4,308,Microsoft Windows 2000 Server
ec-dca-acc003,poweredOn,1,1,2,5,33,Microsoft Windows Server 2003 (32-bit)
ec-dca-acc005,poweredOn,1,1,2,4,64,Microsoft Windows Server 2003 (32-bit)
ec-dca-dev016,poweredOff,1,1,2,2,16,Microsoft Windows Server 2003 (32-bit)
ec-dca-dev017,poweredOff,1,1,2,2,16,Microsoft Windows Server 2003 (32-bit)
ec-dca-pro013,poweredOn,1,1,2,6,79,
ec-dca-pro014,poweredOn,1,1,2,4,9,Microsoft Windows NT
ec-dca-pro035,poweredOn,1,4,1,2,254,Microsoft Windows Server 2012 (64-bit)
ec-dca-pro035-old,poweredOff,2,2,3,2,257,
ec-dca-pro066,poweredOn,2,1,2,2,35,Microsoft Windows 2000
em-spe-focus-1,poweredOn,1,1,2,2,9,Microsoft Windows NT
FrontEnd,poweredOff,4,16,1,2,348,SUSE Linux Enterprise 11 (64-bit)
GO729-A20 - Dennis Desktop,poweredOn,4,32,1,2,672,Microsoft Windows 7 (64-bit)
jeos-sles11sp3,poweredOn,4,32,1,2,112,SUSE Linux Enterprise 11 (64-bit)
lnx1000,poweredOn,4,8,1,4,133,
lnx1005,poweredOn,2,16,2,4,261,Red Hat Enterprise Linux 6 (64-bit)
lnx1006,poweredOn,2,16,2,4,261,Red Hat Enterprise Linux 6 (64-bit)
lnx1007,poweredOn,2,16,2,4,261,Red Hat Enterprise Linux 6 (64-bit)
lnx1008,poweredOn,2,16,2,4,261,Red Hat Enterprise Linux 6 (64-bit)
lnx1009,poweredOn,2,16,2,4,261,
lnx1010,poweredOn,2,16,2,4,261,
lnx1011,poweredOn,2,16,2,3,211,Red Hat Enterprise Linux 6 (64-bit)
lnx1012,poweredOn,2,16,2,3,211,Red Hat Enterprise Linux 6 (64-bit)
lnx1049,poweredOn,4,40,2,3,285,Red Hat Enterprise Linux 6 (64-bit)
lnx1072,poweredOn,2,8,2,3,303,Red Hat Enterprise Linux 6 (64-bit)
lnx1110,poweredOn,2,8,2,3,153,Red Hat Enterprise Linux 6 (64-bit)
lnx1115,poweredOn,2,16,2,4,253,Red Hat Enterprise Linux 6 (64-bit)
lnx1116,poweredOn,2,16,2,3,243,Red Hat Enterprise Linux 6 (64-bit)
lnx1119,poweredOn,2,8,2,3,155,Red Hat Enterprise Linux 6 (64-bit)
lnx1120,poweredOn,2,8,2,3,155,
lnx1122,poweredOn,8,42,2,17,"1,057",Red Hat Enterprise Linux 6 (64-bit)
lnx1131,poweredOn,2,8,2,3,138,Red Hat Enterprise Linux 6 (64-bit)
lnx1132,poweredOn,4,8,2,3,138,
lnx1133,poweredOn,1,10,2,3,63,Red Hat Enterprise Linux 6 (64-bit)
lnx1134,poweredOn,1,10,2,4,93,Red Hat Enterprise Linux 6 (64-bit)
lnx1136,poweredOff,2,12,2,3,65,
lnx1137,poweredOn,2,12,2,3,65,Red Hat Enterprise Linux 6 (64-bit)
lnx1138,poweredOn,2,12,2,3,65,Red Hat Enterprise Linux 6 (64-bit)
lnx1142,poweredOn,1,4,2,3,249,Red Hat Enterprise Linux 6 (64-bit)
lnx1144,poweredOn,2,4,2,3,549,
lnx1147,poweredOn,4,18,2,17,"1,515",Red Hat Enterprise Linux 6 (64-bit)
lnx1148,poweredOn,4,16,2,2,61,Red Hat Enterprise Linux 6 (64-bit)
lnx1149,poweredOn,2,8,2,2,53,Red Hat Enterprise Linux 6 (64-bit)
lnx1150,poweredOn,2,32,2,2,77,Red Hat Enterprise Linux 6 (64-bit)
lnx1151,poweredOn,2,16,2,7,261,Red Hat Enterprise Linux 6 (64-bit)
lnx1152,poweredOn,2,12,2,8,257,Red Hat Enterprise Linux 6 (64-bit)
lnx1153,poweredOn,1,4,2,3,69,Red Hat Enterprise Linux 6 (64-bit)
lnx1154,poweredOn,1,4,2,3,69,Red Hat Enterprise Linux 6 (64-bit)
lnx1157,poweredOn,2,16,2,3,236,
lnx1158,poweredOn,2,16,2,3,161,
lnx1161,poweredOn,6,22,2,17,967,
lnx1162,poweredOn,4,14,2,3,209,
lnx1164,poweredOn,4,12,2,15,439,
lnx1166,poweredOn,4,12,2,13,"1,187",Red Hat Enterprise Linux 6 (64-bit)
lnx1169,poweredOn,2,16,2,3,221,Red Hat Enterprise Linux 6 (64-bit)
lnx1170,poweredOn,2,16,2,4,461,Red Hat Enterprise Linux 6 (64-bit)
lnx1171,poweredOn,2,16,2,3,161,Red Hat Enterprise Linux 6 (64-bit)
lnx1172,poweredOn,2,16,2,3,161,Red Hat Enterprise Linux 6 (64-bit)
lnx1173,poweredOn,2,8,2,6,175,Red Hat Enterprise Linux 6 (64-bit)
lnx1174,poweredOn,2,8,2,6,175,
lnx1175,poweredOn,2,8,1,2,53,
lnx1177,poweredOn,6,16,2,4,561,Red Hat Enterprise Linux 6 (64-bit)
lnx1179,poweredOn,2,16,2,3,161,
lnx1184,poweredOn,2,32,2,13,922,Red Hat Enterprise Linux 6 (64-bit)
lnx1186,poweredOn,4,64,2,14,"1,054",Red Hat Enterprise Linux 6 (64-bit)
lnx1188,poweredOn,2,8,2,3,168,Red Hat Enterprise Linux 6 (64-bit)
lnx1189,poweredOn,2,8,2,3,168,Red Hat Enterprise Linux 6 (64-bit)
lnx1190,poweredOn,4,16,2,3,176,Red Hat Enterprise Linux 6 (64-bit)
lnx1191,poweredOn,4,16,2,3,176,Red Hat Enterprise Linux 6 (64-bit)
lnx1192,poweredOn,4,16,2,4,381,Red Hat Enterprise Linux 6 (64-bit)
lnx1193,poweredOn,2,16,2,5,471,Red Hat Enterprise Linux 6 (64-bit)
lnx1194,poweredOn,2,16,2,4,171,Red Hat Enterprise Linux 6 (64-bit)
lnx1195,poweredOn,2,16,2,4,171,Red Hat Enterprise Linux 6 (64-bit)
lnx1197,poweredOn,2,4,2,2,49,Red Hat Enterprise Linux 6 (64-bit)
lnx1198,poweredOn,4,4,2,3,59,
lnx1199,poweredOn,4,4,2,3,59,
lnx1200,poweredOn,4,4,2,4,559,
lnx1201,poweredOn,4,4,2,4,559,
lnx1206,poweredOn,4,24,1,3,169,Red Hat Enterprise Linux 7 (64-bit)
lnx1207,poweredOn,4,32,1,3,197,Red Hat Enterprise Linux 7 (64-bit)
lnx1208,poweredOn,4,64,1,3,229,Red Hat Enterprise Linux 7 (64-bit)
lnx1209,poweredOn,4,24,1,3,169,Red Hat Enterprise Linux 7 (64-bit)
lnx1210,poweredOn,8,64,1,3,759,Red Hat Enterprise Linux 7 (64-bit)
lnx1211,poweredOn,4,32,1,4,227,Red Hat Enterprise Linux 7 (64-bit)
lnx1212,poweredOn,4,64,1,3,209,Red Hat Enterprise Linux 7 (64-bit)
lnx1214,poweredOn,4,16,2,4,596,Red Hat Enterprise Linux 6 (64-bit)
lnx1215,poweredOn,4,16,2,4,596,Red Hat Enterprise Linux 6 (64-bit)
lnx1216,poweredOn,4,16,2,4,596,
lnx1217,poweredOn,4,16,2,4,596,
lnx1220,poweredOn,1,8,2,7,315,
lnx1221,poweredOn,2,16,2,3,71,Red Hat Enterprise Linux 6 (64-bit)
lnx1222,poweredOn,2,16,2,3,71,
lnx1223,poweredOn,6,24,2,3,569,Red Hat Enterprise Linux 6 (64-bit)
lnx1224,poweredOn,2,4,2,2,49,Red Hat Enterprise Linux 6 (64-bit)
lnx1226,poweredOn,2,16,2,3,161,Red Hat Enterprise Linux 6 (64-bit)
lnx1227,poweredOn,2,8,2,19,"1,399",Red Hat Enterprise Linux 6 (64-bit)
lnx1228,poweredOn,2,8,2,3,103,Red Hat Enterprise Linux 6 (64-bit)
lnx1230,poweredOn,2,24,2,3,169,Red Hat Enterprise Linux 6 (64-bit)
lnx1231,poweredOn,1,12,2,3,157,Red Hat Enterprise Linux 6 (64-bit)
lnx1232,poweredOn,4,16,2,3,111,Red Hat Enterprise Linux 6 (64-bit)
lnx1233,poweredOn,4,16,2,19,"1,407",Red Hat Enterprise Linux 6 (64-bit)
lnx1248,poweredOn,2,16,2,14,397,Red Hat Enterprise Linux 6 (64-bit)
lnx1249,poweredOn,4,24,2,3,179,Red Hat Enterprise Linux 6 (64-bit)
lnx1250,poweredOn,2,24,2,3,179,Red Hat Enterprise Linux 6 (64-bit)
lnx1251,poweredOn,4,32,2,5,187,
lnx1252,poweredOn,8,32,2,5,197,
lnx1253,poweredOn,4,16,2,15,711,
lnx1254,poweredOn,2,16,2,2,61,
lnx1257,poweredOn,2,8,2,2,53,Red Hat Enterprise Linux 6 (64-bit)
lnx1259,poweredOn,4,12,2,3,157,Red Hat Enterprise Linux 6 (64-bit)
lnx1261,poweredOn,4,12,2,3,157,Red Hat Enterprise Linux 6 (64-bit)
lnx1263,poweredOn,2,6,2,3,151,Red Hat Enterprise Linux 6 (64-bit)
lnx1265,poweredOn,4,16,2,3,161,Red Hat Enterprise Linux 6 (64-bit)
lnx1267,poweredOn,6,16,2,3,161,Red Hat Enterprise Linux 6 (64-bit)
lnx1269,poweredOn,4,10,2,3,155,Red Hat Enterprise Linux 6 (64-bit)
lnx1273,poweredOn,4,32,1,4,327,
lnx1274,poweredOn,4,32,1,4,327,
lnx1275,poweredOn,1,12,1,3,157,Red Hat Enterprise Linux 6 (64-bit)
lnx1279,poweredOn,4,32,1,5,348,Red Hat Enterprise Linux 6 (64-bit)
lnx1280,poweredOn,4,32,1,5,348,Red Hat Enterprise Linux 6 (64-bit)
lnx1281,poweredOn,4,32,1,5,362,Red Hat Enterprise Linux 6 (64-bit)
lnx1282,poweredOn,1,12,1,5,302,Red Hat Enterprise Linux 6 (64-bit)
lnx1289,poweredOn,4,32,1,5,338,
lnx1290,poweredOn,4,32,1,5,352,
lnx1291,poweredOn,4,32,1,5,348,
lnx1292,poweredOn,4,32,1,5,348,
lnx1293,poweredOn,1,12,1,4,178,Red Hat Enterprise Linux 6 (64-bit)
lnx1294,poweredOn,4,32,1,4,337,
lnx1295,poweredOn,2,8,2,7,573,Red Hat Enterprise Linux 6 (64-bit)
lnx1296,poweredOn,2,8,1,3,83,
lnx1297,poweredOn,2,8,1,3,78,
lnx1332,poweredOn,2,8,1,2,53,
lnx1340,poweredOn,4,16,2,3,311,
lnx1341,poweredOn,4,16,2,4,336,
lnx1342,poweredOn,4,16,2,4,336,
lnx1346,poweredOn,4,16,2,3,311,Red Hat Enterprise Linux 6 (64-bit)
lnx1349,poweredOn,4,16,2,3,311,Red Hat Enterprise Linux 6 (64-bit)
lnx1351,poweredOn,4,16,2,3,311,Red Hat Enterprise Linux 6 (64-bit)
lnx1353,poweredOn,4,16,2,3,311,Red Hat Enterprise Linux 6 (64-bit)
lnx1356,poweredOn,4,16,2,3,311,Red Hat Enterprise Linux 6 (64-bit)
lnx1363,poweredOn,2,16,2,3,131,Red Hat Enterprise Linux 6 (64-bit)
lnx1364,poweredOn,2,16,2,3,131,Red Hat Enterprise Linux 6 (64-bit)
lnx1365,poweredOn,2,16,2,3,131,Red Hat Enterprise Linux 6 (64-bit)
lnx1366,poweredOn,2,8,2,7,573,
lnx1368,poweredOn,2,8,2,7,529,Red Hat Enterprise Linux 6 (64-bit)
lnx1369,poweredOn,2,8,2,3,128,Red Hat Enterprise Linux 6 (64-bit)
lnx1371,poweredOn,8,16,2,3,442,
lnx1371-10-19-18-backup,poweredOff,8,16,2,3,261,
lnx1372,poweredOn,4,16,2,3,196,Red Hat Enterprise Linux 6 (64-bit)
lnx1374,poweredOn,2,4,2,2,49,Red Hat Enterprise Linux 6 (64-bit)
lnx1375,poweredOn,4,8,2,2,53,Red Hat Enterprise Linux 7 (64-bit)
lnx1376,poweredOn,12,32,2,5,"1,057",Red Hat Enterprise Linux 7 (64-bit)
lnx1378,poweredOn,2,4,2,3,129,Red Hat Enterprise Linux 7 (64-bit)
lnx1379,poweredOn,6,16,2,7,616,Red Hat Enterprise Linux 6 (64-bit)
lnx1380,poweredOn,4,16,2,7,931,Red Hat Enterprise Linux 6 (64-bit)
lnx1381,poweredOn,6,32,2,8,677,Red Hat Enterprise Linux 6 (64-bit)
lnx1382,poweredOn,4,16,2,11,"2,561",Red Hat Enterprise Linux 6 (64-bit)
lnx1383,poweredOn,4,8,2,3,153,Red Hat Enterprise Linux 7 (64-bit)
lnx1384,poweredOn,4,8,2,3,153,Red Hat Enterprise Linux 7 (64-bit)
lnx1385,poweredOn,1,16,2,10,411,Red Hat Enterprise Linux 6 (64-bit)
lnx1387,poweredOn,6,64,1,5,359,Red Hat Enterprise Linux 7 (64-bit)
lnx1388,poweredOn,8,64,1,11,959,Red Hat Enterprise Linux 7 (64-bit)
lnx1389,poweredOn,8,64,1,11,959,Red Hat Enterprise Linux 7 (64-bit)
lnx1390,poweredOn,1,4,1,3,99,Red Hat Enterprise Linux 7 (64-bit)
lnx1391,poweredOn,1,4,2,10,259,Red Hat Enterprise Linux 6 (64-bit)
lnx1392,poweredOn,8,64,1,11,959,Red Hat Enterprise Linux 7 (64-bit)
lnx1397,poweredOn,2,4,1,2,79,
lnx1398,poweredOn,2,8,1,3,153,Red Hat Enterprise Linux 4 (32-bit)
lnx1399,poweredOn,4,16,1,3,317,Red Hat Enterprise Linux 7 (64-bit)
lnx1400,poweredOn,1,16,1,3,91,Red Hat Enterprise Linux 7 (64-bit)
lnx1401,poweredOn,1,16,1,3,91,Red Hat Enterprise Linux 7 (64-bit)
lnx1402,poweredOn,1,16,1,3,91,Red Hat Enterprise Linux 7 (64-bit)
lnx1403,poweredOn,4,32,1,3,193,Red Hat Enterprise Linux 6 (64-bit)
lnx1404,poweredOn,4,32,1,3,193,Red Hat Enterprise Linux 6 (64-bit)
lnx1405,poweredOn,2,4,1,2,49,Red Hat Enterprise Linux 7 (64-bit)
lnx1408,poweredOn,1,4,1,2,49,Red Hat Enterprise Linux 7 (64-bit)
lnx1409,poweredOn,6,64,1,9,"1,059",Red Hat Enterprise Linux 7 (64-bit)
lnx1410,poweredOn,2,4,1,2,49,Red Hat Enterprise Linux 7 (64-bit)
lnx1410_old,poweredOff,2,16,1,3,161,
lnx3001,poweredOn,2,4,1,2,49,Red Hat Enterprise Linux 7 (64-bit)
lnx402,poweredOn,2,8,2,2,113,Red Hat Enterprise Linux 5 (32-bit)
lnx405,poweredOn,1,4,2,2,114,
lnx408,poweredOn,2,8,2,2,163,Red Hat Enterprise Linux 5 (32-bit)
lnx411,poweredOn,4,8,2,2,62,Red Hat Linux 6/7/8/9
lnx420,poweredOn,2,4,2,3,89,Red Hat Enterprise Linux 5 (64-bit)
lnx441,poweredOn,2,8,2,2,78,Red Hat Enterprise Linux 3 (32-bit)
lnx442,poweredOn,2,10,2,4,210,Red Hat Enterprise Linux 5 (32-bit)
lnx451,poweredOn,4,8,2,2,153,Red Hat Enterprise Linux 3 (32-bit)
lnx507_retire_pending,poweredOff,1,2,2,2,82,Other Linux (32-bit)
lnx537,poweredOn,4,8,2,2,133,Red Hat Enterprise Linux 4 (32-bit)
lnx548_retire_pending,poweredOff,2,4,2,2,56,Other Linux (32-bit)
lnx549_retire_pending,poweredOff,1,4,2,2,56,Other Linux (32-bit)
lnx550_retire_pending,poweredOff,2,4,2,2,126,Other Linux (32-bit)
lnx551_retire_pending,poweredOff,2,4,2,2,131,Other Linux (32-bit)
lnx553,poweredOn,4,4,2,2,132,Red Hat Enterprise Linux 4 (32-bit)
lnx554,poweredOn,4,4,2,3,63,Red Hat Enterprise Linux 4 (32-bit)
lnx555,poweredOn,2,4,2,2,48,Red Hat Enterprise Linux 3 (32-bit)
lnx557,poweredOn,1,2,2,2,46,Red Hat Enterprise Linux 3 (32-bit)
lnx564,poweredOn,8,32,2,2,261,Red Hat Enterprise Linux 3 (32-bit)
lnx578,poweredOn,4,8,1,2,233,
lnx584,poweredOn,8,32,2,2,261,Red Hat Enterprise Linux 3 (32-bit)
lnx586,poweredOn,3,6,2,4,106,Red Hat Enterprise Linux 5 (32-bit)
lnx599,poweredOn,2,4,2,12,514,Red Hat Enterprise Linux 5 (64-bit)
lnx608,poweredOn,1,4,2,4,119,Red Hat Enterprise Linux 4 (32-bit)
lnx609_retire_pending,poweredOff,1,2,2,2,352,Other Linux (32-bit)
lnx632,poweredOn,2,2,2,2,82,Red Hat Enterprise Linux 4 (32-bit)
lnx633,poweredOn,4,16,2,2,61,Red Hat Enterprise Linux 4 (64-bit)
lnx634,poweredOn,4,16,2,2,61,Red Hat Enterprise Linux 4 (64-bit)
lnx659,poweredOn,1,4,2,2,49,Red Hat Enterprise Linux 5 (64-bit)
lnx660,poweredOn,2,8,2,3,213,Red Hat Enterprise Linux 5 (64-bit)
lnx662,poweredOn,2,4,2,2,149,Red Hat Enterprise Linux 5 (64-bit)
lnx663,poweredOn,2,4,2,2,149,Red Hat Enterprise Linux 5 (64-bit)
lnx681,poweredOn,4,24,2,8,264,Red Hat Enterprise Linux 5 (64-bit)
lnx690,poweredOn,1,4,2,2,59,Red Hat Enterprise Linux 5 (64-bit)
lnx692,poweredOn,8,16,2,6,210,Red Hat Enterprise Linux 5 (64-bit)
lnx694,poweredOn,2,2,2,3,327,Red Hat Enterprise Linux 5 (32-bit)
lnx695,poweredOn,1,2,2,5,377,Red Hat Enterprise Linux 5 (32-bit)
lnx723,poweredOn,2,16,2,3,226,Red Hat Enterprise Linux 5 (32-bit)
lnx724,poweredOn,2,16,2,3,226,Red Hat Enterprise Linux 5 (32-bit)
lnx729,poweredOn,4,8,2,2,63,Red Hat Enterprise Linux 5 (64-bit)
lnx730,poweredOn,4,8,2,2,63,Red Hat Enterprise Linux 5 (64-bit)
lnx731,poweredOn,4,8,2,2,63,Red Hat Enterprise Linux 5 (64-bit)
lnx732,poweredOn,4,8,2,2,63,Red Hat Enterprise Linux 5 (64-bit)
lnx734,poweredOn,2,4,2,2,59,Red Hat Enterprise Linux 5 (32-bit)
lnx735,poweredOn,2,4,2,2,59,Red Hat Enterprise Linux 5 (32-bit)
lnx736,poweredOn,2,8,2,10,298,Red Hat Enterprise Linux 5 (64-bit)
lnx737,poweredOn,2,8,2,10,298,Red Hat Enterprise Linux 5 (64-bit)
lnx738,poweredOn,24,32,2,15,594,Red Hat Enterprise Linux 5 (64-bit)
lnx742,poweredOn,4,24,2,11,614,Red Hat Enterprise Linux 5 (64-bit)
lnx743,poweredOn,2,12,2,18,712,Red Hat Enterprise Linux 5 (64-bit)
lnx745,poweredOn,2,8,2,4,293,Red Hat Enterprise Linux 5 (32-bit)
lnx746,poweredOn,2,4,2,4,89,Red Hat Enterprise Linux 5 (32-bit)
lnx747,poweredOn,2,4,2,4,89,Red Hat Enterprise Linux 5 (32-bit)
lnx748,poweredOn,2,4,2,5,94,Red Hat Enterprise Linux 5 (32-bit)
lnx749,poweredOn,2,4,2,5,94,Red Hat Enterprise Linux 5 (32-bit)
lnx751,poweredOn,4,8,2,2,63,Red Hat Enterprise Linux 5 (64-bit)
lnx755,poweredOn,1,6,2,2,81,Red Hat Enterprise Linux 5 (32-bit)
lnx756,poweredOn,2,6,2,2,81,Red Hat Enterprise Linux 5 (32-bit)
lnx761,poweredOn,1,8,2,2,53,Red Hat Enterprise Linux 5 (32-bit)
lnx762,poweredOn,2,16,2,2,61,Red Hat Enterprise Linux 5 (32-bit)
lnx766,poweredOn,2,10,2,4,135,Red Hat Enterprise Linux 5 (32-bit)
lnx767,poweredOn,2,16,2,3,81,Red Hat Enterprise Linux 5 (32-bit)
lnx770,poweredOn,2,10,2,4,125,Red Hat Enterprise Linux 5 (32-bit)
lnx771,poweredOn,2,24,2,5,749,Red Hat Enterprise Linux 5 (64-bit)
lnx772,poweredOn,2,32,2,3,737,Red Hat Enterprise Linux 5 (64-bit)
lnx773,poweredOn,8,32,2,7,"1,937",Red Hat Enterprise Linux 5 (64-bit)
lnx775,poweredOn,2,8,2,4,413,Red Hat Enterprise Linux 5 (32-bit)
lnx776,poweredOn,2,6,2,3,191,Red Hat Enterprise Linux 5 (32-bit)
lnx777,poweredOn,2,4,2,3,84,Red Hat Enterprise Linux 5 (32-bit)
lnx795,poweredOn,2,4,2,4,269,Red Hat Enterprise Linux 5 (64-bit)
lnx797,poweredOn,1,8,3,6,373,Red Hat Enterprise Linux 5 (64-bit)
lnx798,poweredOn,1,8,3,6,373,Red Hat Enterprise Linux 5 (64-bit)
lnx807,poweredOn,2,2,2,2,227,Red Hat Enterprise Linux 5 (64-bit)
lnx808,poweredOn,2,16,2,2,141,Red Hat Enterprise Linux 5 (64-bit)
lnx809,poweredOn,2,16,2,2,141,Red Hat Enterprise Linux 5 (64-bit)
lnx812,poweredOn,2,8,2,2,133,Red Hat Enterprise Linux 5 (32-bit)
lnx822,poweredOn,2,12,2,5,222,Red Hat Enterprise Linux 5 (32-bit)
lnx824,poweredOn,2,8,2,3,633,Red Hat Enterprise Linux 5 (64-bit)
lnx825,poweredOn,2,10,2,4,155,Red Hat Enterprise Linux 5 (32-bit)
lnx826,poweredOn,4,16,2,4,161,Red Hat Enterprise Linux 5 (32-bit)
lnx829,poweredOn,1,4,2,3,104,Red Hat Enterprise Linux 5 (64-bit)
lnx830,poweredOn,1,4,2,3,109,Red Hat Enterprise Linux 5 (64-bit)
lnx831,poweredOn,2,8,2,3,113,Red Hat Enterprise Linux 5 (64-bit)
lnx832,poweredOn,2,4,2,2,129,Red Hat Enterprise Linux 5 (32-bit)
lnx833,poweredOn,4,12,2,3,187,Red Hat Enterprise Linux 5 (64-bit)
lnx835,poweredOn,4,8,2,4,708,
lnx836,poweredOn,2,5,2,3,120,Red Hat Enterprise Linux 5 (64-bit)
lnx843,poweredOn,2,8,2,2,108,Red Hat Enterprise Linux 5 (64-bit)
lnx846,poweredOn,2,4,2,4,134,Red Hat Enterprise Linux 5 (64-bit)
lnx849,poweredOn,2,8,2,2,108,Red Hat Enterprise Linux 5 (64-bit)
lnx850,poweredOn,2,4,2,3,159,Red Hat Enterprise Linux 5 (64-bit)
lnx851,poweredOn,2,4,2,3,169,Red Hat Enterprise Linux 5 (64-bit)
lnx862,poweredOn,2,16,2,2,91,Red Hat Enterprise Linux 5 (64-bit)
lnx863,poweredOn,2,16,2,2,91,Red Hat Enterprise Linux 5 (64-bit)
lnx866,poweredOn,2,4,2,2,49,Red Hat Enterprise Linux 7 (64-bit)
lnx867,poweredOn,2,10,2,3,155,Red Hat Enterprise Linux 5 (64-bit)
lnx868,poweredOn,2,10,2,3,155,Red Hat Enterprise Linux 5 (64-bit)
lnx877,poweredOn,8,16,2,3,161,Red Hat Enterprise Linux 5 (64-bit)
lnx878,poweredOn,8,16,2,3,161,Red Hat Enterprise Linux 5 (64-bit)
lnx879,poweredOn,10,16,2,3,161,Red Hat Enterprise Linux 5 (64-bit)
lnx880,poweredOn,8,16,2,3,161,Red Hat Enterprise Linux 5 (64-bit)
lnx881,poweredOn,1,8,2,2,83,Red Hat Enterprise Linux 5 (32-bit)
lnx885,poweredOn,4,8,1,2,133,
lnx886,poweredOn,4,8,1,2,133,Red Hat Enterprise Linux 6 (64-bit)
lnx887,poweredOn,2,8,1,2,133,
lnx888,poweredOn,2,8,1,2,133,Red Hat Enterprise Linux 6 (64-bit)
lnx889,poweredOn,4,8,1,2,133,
lnx890,poweredOn,4,8,1,2,133,Red Hat Enterprise Linux 6 (64-bit)
lnx891,poweredOn,4,8,1,2,133,
lnx892,poweredOn,4,8,1,2,133,Red Hat Enterprise Linux 6 (64-bit)
lnx893,poweredOn,1,8,2,3,153,Red Hat Enterprise Linux 6 (64-bit)
lnx894,poweredOn,2,8,2,3,153,Red Hat Enterprise Linux 5 (64-bit)
lnx895,poweredOn,2,8,2,3,153,Red Hat Enterprise Linux 5 (64-bit)
lnx896,poweredOn,2,8,2,3,153,Red Hat Enterprise Linux 5 (64-bit)
lnx897,poweredOn,2,8,2,3,153,Red Hat Enterprise Linux 5 (64-bit)
lnx898,poweredOn,6,8,2,2,444,Red Hat Enterprise Linux 6 (64-bit)
lnx899,poweredOn,6,8,2,2,444,Red Hat Enterprise Linux 6 (64-bit)
lnx901,poweredOn,6,8,2,1,68,Red Hat Enterprise Linux 6 (64-bit)
lnx903,poweredOn,1,8,2,2,63,
lnx904,poweredOn,2,16,2,2,91,
lnx905,poweredOn,2,16,2,2,91,
lnx906,poweredOn,1,8,2,2,63,
lnx913,poweredOn,1,8,2,2,83,Red Hat Enterprise Linux 6 (64-bit)
lnx914,poweredOn,1,8,2,2,83,Red Hat Enterprise Linux 6 (64-bit)
lnx915,poweredOn,2,16,2,2,141,Red Hat Enterprise Linux 6 (64-bit)
lnx916,poweredOn,2,16,2,2,91,Red Hat Enterprise Linux 6 (64-bit)
lnx917,poweredOn,1,8,2,2,63,Red Hat Enterprise Linux 6 (64-bit)
lnx918,poweredOn,1,8,2,2,63,Red Hat Enterprise Linux 6 (64-bit)
lnx923,poweredOn,2,8,2,2,63,Red Hat Enterprise Linux 6 (64-bit)
lnx924,poweredOn,2,8,2,2,63,Red Hat Enterprise Linux 6 (64-bit)
lnx925,poweredOn,4,8,2,2,63,
lnx929,poweredOn,4,16,2,2,61,Red Hat Enterprise Linux 6 (64-bit)
lnx930,poweredOn,4,16,2,2,61,
lnx932,poweredOn,2,8,2,3,108,Red Hat Enterprise Linux 6 (64-bit)
lnx933,poweredOn,2,8,2,3,108,Red Hat Enterprise Linux 5 (32-bit)
lnx936,poweredOn,4,64,2,2,109,Red Hat Enterprise Linux 6 (64-bit)
lnx944,poweredOn,4,6,2,2,61,Red Hat Enterprise Linux 6 (64-bit)
lnx945,poweredOn,4,40,2,21,"12,266",Red Hat Enterprise Linux 6 (64-bit)
lnx946,poweredOn,6,48,2,8,"1,393",
lnx947,poweredOn,2,16,2,3,71,
lnx948,poweredOn,2,24,2,3,79,
lnx951,poweredOn,2,24,2,3,269,Red Hat Enterprise Linux 6 (64-bit)
lnx952,poweredOn,4,48,2,51,"15,068",
lnx956,poweredOn,2,32,2,15,"6,481",Red Hat Enterprise Linux 6 (64-bit)
lnx958,poweredOn,2,4,2,2,49,Red Hat Enterprise Linux 6 (64-bit)
lnx972,poweredOn,4,32,2,4,377,
lnx976,poweredOn,2,12,2,3,117,Red Hat Enterprise Linux 6 (64-bit)
lnx977,poweredOn,2,8,2,2,113,Red Hat Enterprise Linux 5 (32-bit)
lnx982,poweredOn,1,16,2,5,376,Red Hat Enterprise Linux 6 (64-bit)
lnx983,poweredOn,1,16,2,4,301,Red Hat Enterprise Linux 6 (64-bit)
lnx984,poweredOn,2,8,2,2,113,Red Hat Enterprise Linux 5 (32-bit)
lnx986,poweredOn,2,16,2,3,121,
lnx989,poweredOn,2,8,2,3,113,Red Hat Enterprise Linux 6 (64-bit)
lnx990,poweredOn,2,8,2,3,113,Red Hat Enterprise Linux 6 (64-bit)
lnx991,poweredOn,2,8,2,3,113,
lnx992,poweredOn,2,8,2,3,113,
lnx997,poweredOn,2,8,1,4,133,
lnx998,poweredOn,2,8,1,4,133,Red Hat Enterprise Linux 6 (64-bit)
lnx999,poweredOn,4,8,1,4,133,
lnxwin01,poweredOn,2,4,2,2,49,Red Hat Enterprise Linux 5 (32-bit)
mail01,poweredOn,4,8,1,1,108,CentOS 4/5/6/7 (64-bit)
mail02,poweredOn,4,8,1,1,108,CentOS 4/5/6/7 (64-bit)
mailcco,poweredOn,4,8,1,1,108,CentOS 4/5/6/7 (64-bit)
pavaes01,poweredOn,1,4,3,1,30,Red Hat Enterprise Linux 7 (64-bit)
pdvaes01,poweredOn,1,4,3,1,30,Red Hat Enterprise Linux 7 (64-bit)
PowerPath,poweredOn,2,4,1,1,14,SUSE Linux Enterprise 11 (64-bit)
PrimaryBackEnd,poweredOff,4,24,1,2,436,SUSE Linux Enterprise 11 (64-bit)
prime-ddc,poweredOn,16,24,1,2,"1,212",Red Hat Enterprise Linux 6 (64-bit)
proteus,poweredOn,1,4,1,1,76,Other 3.x or later Linux (64-bit)
proxy-1,poweredOn,4,4,1,2,25,
proxy-2,poweredOn,4,4,1,2,25,
proxymc,poweredOn,2,8,1,2,110,
ps-cems-tchhp,poweredOn,4,4,1,2,266,Microsoft Windows Server 2012 (64-bit)
ps-eso-af,poweredOn,4,16,1,1,266,
ps-eso-cs,poweredOn,4,16,1,1,266,Microsoft Windows Server 2012 (64-bit)
ps-eso-pi,poweredOn,4,16,1,1,766,Microsoft Windows Server 2012 (64-bit)
ps-eso-pi4,poweredOn,4,16,2,1,766,Microsoft Windows Server 2012 (64-bit)
ps-eso-pi-apps,poweredOn,2,8,2,1,88,Microsoft Windows Server 2012 (64-bit)
ps-eso-pi-apps3,poweredOn,1,8,1,1,88,Microsoft Windows Server 2012 (64-bit)
ps-eso-ssweb,poweredOn,4,16,1,1,216,Microsoft Windows Server 2012 (64-bit)
ps-eso-web,poweredOn,8,16,1,1,266,
ps-eso-wug,poweredOn,4,16,1,1,77,Microsoft Windows Server 2008 R2 (64-bit)
ps-wind-pi,poweredOn,4,16,2,1,"1,552",
ps-wind-pi2,poweredOn,4,16,2,1,"1,245",Microsoft Windows Server 2012 (64-bit)
ps-wind-piapps,poweredOn,4,16,1,1,166,Microsoft Windows Server 2012 (64-bit)
qdvaes01,poweredOn,1,4,2,1,30,Red Hat Enterprise Linux 7 (64-bit)
qscan-newpci,poweredOn,1,2,2,1,42,CentOS 4/5/6 (32-bit)
RHEL5_i386_POC_Template,poweredOff,2,8,1,2,53,Red Hat Enterprise Linux 5 (32-bit)
RHEL5_x86_64_POC_Template,poweredOff,2,8,2,2,53,Red Hat Enterprise Linux 5 (64-bit)
RHEL6_x86_64_POC_Template,poweredOff,2,8,1,2,53,Red Hat Enterprise Linux 6 (64-bit)
RHEL6_x86_64_template,poweredOff,2,4,2,2,49,Red Hat Enterprise Linux 6 (64-bit)
RHEL7.4-SRS-V1.0,poweredOff,2,2,1,1,"4,610",Red Hat Enterprise Linux 7 (64-bit)
RHEL7_x86_64_azure_v2,poweredOff,2,4,1,1,44,
RHEL7_x86_64_template,poweredOff,2,4,1,2,49,Red Hat Enterprise Linux 7 (64-bit)
sal-gw-adc-dmz,poweredOn,4,8,1,1,228,CentOS 4/5/6/7 (64-bit)
sal-gw-ddc,poweredOn,4,8,1,1,228,CentOS 4/5/6/7 (64-bit)
sal-gw-ddc-dmz,poweredOn,4,8,1,1,228,CentOS 4/5/6/7 (64-bit)
san-ddc-vmax3,poweredOn,8,20,2,8,620,SUSE Linux Enterprise 11 (64-bit)
san-esrs-ddc,poweredOn,1,4,1,1,68,SUSE Linux Enterprise 11 (64-bit)
san-sis,poweredOff,2,8,1,1,88,SUSE Linux Enterprise 11 (64-bit)
sdgs-pi01,poweredOff,1,4,1,1,54,Microsoft Windows Server 2016 (64-bit)
Server2012R2_Template,poweredOff,1,4,1,1,54,
Server2012R2_Template,poweredOff,1,4,1,1,54,Microsoft Windows Server 2012 (64-bit)
Server2012R2_Template_vRA,poweredOff,1,4,1,1,54,Microsoft Windows Server 2012 (64-bit)
sqgs-dac01,poweredOn,2,2,1,1,"4,610",Red Hat Enterprise Linux 7 (64-bit)
sqgs-dc01,poweredOff,1,4,1,1,54,
sqgs-dc01-template,poweredOff,1,4,1,1,54,Microsoft Windows Server 2016 (64-bit)
sqgs-dc02,poweredOn,1,4,1,1,54,Microsoft Windows Server 2016 (64-bit)
sqgs-dc02-template,poweredOff,1,4,1,1,54,Microsoft Windows Server 2016 (64-bit)
sqgs-fep01,poweredOn,1,4,1,1,54,Microsoft Windows Server 2016 (64-bit)
SRS OSI From Template,poweredOff,2,2,1,1,"4,610",
srsimage,poweredOff,2,2,1,1,"4,616",Red Hat Enterprise Linux 7 (64-bit)
svr-plz-inf2,poweredOn,4,8,1,2,558,Microsoft Windows Server 2012 (64-bit)
svr-plz-inf3,poweredOn,4,8,1,2,558,Microsoft Windows Server 2012 (64-bit)
svr-plz-inf4,poweredOn,4,8,1,2,508,Microsoft Windows Server 2012 (64-bit)
svr-plz-inf6,poweredOn,4,8,1,2,558,Microsoft Windows Server 2012 (64-bit)
test_dcas_2,poweredOn,2,4,1,2,49,Red Hat Enterprise Linux 7 (64-bit)
twconnect,poweredOn,6,128,1,2,"2,445",Other 3.x or later Linux (64-bit)
vCenter_Hyperic_Server,poweredOff,8,12,1,1,28,
verodin-corp,poweredOn,2,2,2,1,22,
verodin-director,poweredOn,4,8,1,1,168,
verodin-dmzwdev,poweredOn,2,2,2,1,22,
vFabric_vPostgres_DB,poweredOff,8,12,1,1,87,SUSE Linux Enterprise 11 (64-bit)
vmpoc01,poweredOn,2,4,1,1,54,Microsoft Windows Server 2012 (64-bit)
vmpoc09,poweredOn,1,4,1,1,54,Microsoft Windows Server 2016 (64-bit)
vmpoc10,poweredOff,1,4,1,1,54,
vmpoc20,poweredOn,2,4,1,1,54,Microsoft Windows Server 2012 (64-bit)
vmpoc23,poweredOn,2,8,2,2,53,Red Hat Enterprise Linux 6 (64-bit)
VMware TAM Data Manager,poweredOff,1,2,1,1,42,SUSE Linux Enterprise 11 (64-bit)
VMware vCAC Appliance,poweredOff,2,8,1,2,38,SUSE Linux Enterprise 11 (64-bit)
vra,poweredOn,4,18,1,4,158,SUSE Linux Enterprise 11 (64-bit)
vra-iaas,poweredOn,4,16,1,1,116,Microsoft Windows Server 2012 (64-bit)
vra-iaas-qa,poweredOn,4,16,1,1,116,Microsoft Windows Server 2012 (64-bit)
vra-qa,poweredOn,4,18,1,4,158,SUSE Linux Enterprise 11 (64-bit)
vrb,poweredOn,4,8,1,1,54,SUSE Linux Enterprise 12 (64-bit)
vxms-ddc,poweredOn,2,8,4,1,845,CentOS 4/5/6/7 (64-bit)
W2K8R2DCSP1,poweredOff,1,4,1,1,54,Microsoft Windows Server 2008 R2 (64-bit)
Windows2008R2_AP_Template,poweredOff,1,4,1,1,54,Microsoft Windows Server 2008 R2 (64-bit)
Windows2012_Standard,poweredOff,1,4,1,1,54,Microsoft Windows Server 2012 (64-bit)
Windows2012R2_StandardEdition,poweredOff,1,4,1,1,24,Microsoft Windows Server 2012 (64-bit)
Windows2016,poweredOff,1,4,1,1,54,Microsoft Windows Server 2016 (64-bit)
Windows2016_SOC,poweredOff,1,4,1,1,54,
Windows2019,poweredOn,1,4,1,1,64,Microsoft Windows Server 2016 (64-bit)
